"Quarter","DiscountRate","DiscountRate2qChange","FedFunds","FedFunds2qChange","GB_CPI_QTR0","GB_CPI_QTR1","GB_CPI_QTR2","GB_CPI_QTR3","GB_CPI_QTR4","GB_CPI_QTR5","deflator","cpi_change","president","term","presTerm","pres_party","pres_election","time_to_election","manufoutput","recession","sales","DebtGDP","ExpenditureGDP","PotentialGDP","UNRATE","GB_Unemp0","GB_Unemp1","GB_Unemp2","GB_Unemp3","GB_Unemp4","GB_Unemp5","pres_party_name","error.prop.deflator.q0","error.prop.deflator.q1","error.prop.deflator.q2","error.prop.deflator.q3","error.prop.deflator.q4","error.prop.deflator.q5","GlobalModel","Chair"
"1",1969.1,5.5,0.02,6.57,0.1,3.7,3.4,NA,NA,NA,NA,4.55342,4.87427,"Nixon1",1,"Nixon1",0,0,15,NA,0,NA,37.41763,18.38901,96.8363,3.4,3.6,3.8,NA,NA,NA,NA,"Rep",-0.187423958255553,-0.253308502180778,NA,NA,NA,NA,NA,"Martin"
"2",1969.2,5.98,0.12,8.33,0.29,4,4.8,3.5,NA,NA,NA,4.80281,5.50198,"Nixon1",1,"Nixon1",0,0,14,NA,0,NA,36.15357,18.72759,97.56173,3.4,3.5,3.6,3.8,NA,NA,NA,"Rep",-0.167154228462088,-0.000585074154505425,-0.271259949904327,NA,NA,NA,NA,"Martin"
"3",1969.3,6,0.08,8.98,0.27,5.1,3.8,3.5,3.2,NA,NA,5.28242,5.52286,"Nixon1",1,"Nixon1",0,0,13,NA,0,NA,36.20245,18.71926,97.90224,3.6,3.7,3.9,4.1,4.5,NA,NA,"Rep",-0.0345334146092133,-0.280632740297061,-0.337424892378872,-0.394217044460683,NA,NA,NA,"Martin"
"4",1969.4,6,0,8.94,0.07,3.9,3.6,3.3,4.1,2.9,NA,5.14329,5.83355,"Nixon1",1,"Nixon1",0,0,12,NA,0,NA,36.65764,18.9547,99.2434,3.6,4,4.2,4.5,4.8,5,NA,"Rep",-0.241730487683953,-0.300058911708265,-0.358387335732576,-0.202844871667746,-0.436158567764991,NA,NA,"Martin"
"5",1970.1,6,0,8.57,-0.05,4.2,4,3.7,3.5,NA,NA,5.5428,6.22578,"Nixon1",1,"Nixon1",0,0,11,NA,1,NA,36.57526,18.67073,100.2556,4.2,4.2,4.6,4.9,5.1,NA,NA,"Rep",-0.242260229486902,-0.278343075701811,-0.332467345024175,-0.368550191239085,NA,NA,NA,"Martin"
"6",1970.2,6,0,7.88,-0.13,6.4,3,3.7,NA,NA,NA,5.64664,6.03848,"Nixon1",1,"Nixon1",0,0,10,NA,1,NA,35.82364,19.78511,100.968,4.8,4.6,4.7,4.8,NA,NA,NA,"Rep",0.133417395123472,-0.468710596035873,-0.344743068444243,NA,NA,NA,NA,"Burns"
"7",1970.3,6,0,6.7,-0.28,4,3.5,4.1,3,NA,NA,4.953,5.68597,"Nixon1",1,"Nixon1",0,0,9,NA,1,NA,36.04741,19.47644,100.8948,5.2,5.1,5.3,5.5,5.7,NA,NA,"Rep",-0.192408641227539,-0.293357561074097,-0.172218857258227,-0.394306480920654,NA,NA,NA,"Burns"
"8",1970.4,5.79,-0.04,5.57,-0.41,4.2,4.9,3.8,3.6,3.4,NA,4.96987,5.6,"Nixon1",1,"Nixon1",0,0,8,NA,1,NA,36.96761,19.70172,102.7738,5.8,5.7,6,6.3,6.6,6.7,NA,"Rep",-0.154907472428856,-0.0140587178336656,-0.23539247505468,-0.275634976367591,-0.315877477680503,NA,NA,"Burns"
"9",1971.1,4.96,-0.21,3.86,-0.74,4.5,3.9,3.8,3.6,NA,NA,5.0924,4.81102,"Nixon1",1,"Nixon1",0,0,7,NA,0,NA,35.66779,19.35161,100.7832,5.9,6.1,6.3,6.5,6.5,NA,NA,"Rep",-0.116330217579137,-0.234152855235252,-0.253789961511272,-0.29306417406331,NA,NA,NA,"Burns"
"10",1971.2,4.75,-0.22,4.56,-0.22,4.3,4.9,3.8,NA,NA,NA,4.98576,4.31496,"Nixon1",1,"Nixon1",0,0,6,NA,0,NA,35.51171,19.84269,101.0011,5.9,6.2,6.4,6.4,NA,NA,NA,"Rep",-0.137543724527454,-0.0172009884150059,-0.237829337954494,NA,NA,NA,NA,"Burns"
"11",1971.3,4.96,0,5.47,0.29,3.8,3,NA,NA,NA,NA,5.21704,4.27075,"Nixon1",1,"Nixon1",0,0,5,NA,0,NA,36.19243,19.44518,100.9306,6,6.1,6,NA,NA,NA,NA,"Rep",-0.271617622253232,-0.424961280726236,NA,NA,NA,NA,NA,"Burns"
"12",1971.4,4.84,0.02,4.75,0.04,2.4,4,3.1,3.6,2.8,NA,4.72075,3.53535,"Nixon1",1,"Nixon1",0,0,4,NA,0,NA,36.83611,19.65433,101.3983,5.9,5.9,5.7,5.6,5.5,5.3,NA,"Rep",-0.491606206640894,-0.152677011068157,-0.343324683577821,-0.237409309961341,-0.40687390774771,NA,NA,"Burns"
"13",1972.1,4.5,-0.1,3.54,-0.55,5.2,3.1,2.9,2.8,NA,NA,4.75147,3.50587,"Nixon1",1,"Nixon1",0,0,3,NA,0,NA,35.90824,19.9311,100.4537,5.8,5.8,5.7,5.6,5.4,NA,NA,"Rep",0.0943981546763422,-0.347570330866027,-0.389662567584348,-0.410708685943508,NA,NA,NA,"Burns"
"14",1972.2,4.5,-0.08,4.3,-0.1,4,3.4,3.4,NA,NA,NA,4.06313,3.22581,"Nixon1",1,"Nixon1",0,0,2,NA,0,NA,34.79398,20.06364,98.84954,5.7,5.7,5.5,5.2,NA,NA,NA,"Rep",-0.0155372828336775,-0.163206690408626,-0.163206690408626,NA,NA,NA,NA,"Burns"
"15",1972.3,4.5,0,4.74,0.25,3.3,2.9,3.8,3.2,3.8,4.1,3.98025,3.02948,"Nixon1",1,"Nixon1",0,0,1,NA,0,NA,34.73513,19.03466,98.60722,5.6,5.5,5.3,5.2,5.1,5,5,"Rep",-0.170906350103637,-0.271402550091075,-0.0452861001193392,-0.196030400100496,-0.0452861001193392,0.0300860498712392,NA,"Burns"
"16",1972.4,4.5,0,5.14,0.16,2.8,4.2,3.5,3.8,3.8,NA,4.36526,3.33415,"Nixon2",2,"Nixon2",0,1,0,NA,0,NA,34.85722,20.19276,97.62941,5.4,5.3,5.1,5,4.9,4.8,NA,"Rep",-0.35857199800241,-0.0378579970036149,-0.198214997503012,-0.129490568717556,-0.129490568717556,NA,NA,"Burns"
"17",1973.1,5.11,0.12,6.54,0.28,4.9,4.1,4,4.2,NA,NA,4.02944,4.11294,"Nixon2",2,"Nixon2",0,0,15,NA,0,NA,34.34994,19.41428,96.08269,4.9,5,4.9,4.8,4.7,NA,NA,"Rep",0.216049872935197,0.0175111181702667,-0.00730622617534946,0.0423284625158831,NA,NA,NA,"Burns"
"18",1973.2,5.91,0.24,7.82,0.34,5.1,4.4,4.7,NA,NA,NA,5.1253,5.60817,"Nixon2",2,"Nixon2",0,0,14,NA,0,NA,33.34429,19.19067,95.9023,4.9,4.9,4.8,4.7,NA,NA,NA,"Rep",-0.00493629641191746,-0.141513667492635,-0.0829805084580415,NA,NA,NA,NA,"Burns"
"19",1973.3,7.26,0.3,10.56,0.38,6,6.6,6.1,5,4.6,4.6,6.14308,6.8371,"Nixon2",2,"Nixon2",0,0,13,NA,0,NA,33.12102,18.83224,97.22442,4.8,4.7,4.7,4.9,5.1,5.3,5.5,"Rep",-0.0232912480384433,0.0743796271577123,-0.00701276883908409,-0.186076040032036,-0.251189956829473,-0.251189956829473,NA,"Burns"
"20",1973.4,7.5,0.21,10,0.22,6.1,6,5.3,5,5.5,NA,6.76175,8.41693,"Nixon2",2,"Nixon2",0,0,12,NA,0,NA,32.76107,18.59897,96.90599,4.8,4.6,4.7,4.8,5,5.2,NA,"Rep",-0.0978666765260473,-0.112655747402669,-0.216179243539025,-0.260546456168891,-0.18660110178578,NA,NA,"Burns"
"21",1974.1,7.5,0.03,9.32,-0.13,8.1,7,5.8,6.2,NA,NA,7.60187,9.91565,"Nixon2",2,"Nixon2",0,0,11,NA,1,NA,32.74628,19.11511,98.7971,5.1,5.4,5.8,6,6.2,NA,NA,"Rep",0.0655272978885458,-0.0791739400963184,-0.237029836079807,-0.184411204085311,NA,NA,NA,"Burns"
"22",1974.2,7.87,0.05,11.25,0.11,9,7,7.3,6,5.2,NA,8.48165,10.54788,"Nixon2",2,"Nixon2",0,0,10,NA,1,NA,31.93932,19.49084,99.31977,5.2,5.2,5.5,5.7,5.9,6.1,NA,"Rep",0.0611142879038866,-0.174688887185866,-0.139318410922403,-0.292590474730742,-0.386911744766643,NA,NA,"Burns"
"23",1974.3,8,0.06,12.09,0.23,9.7,8.8,7.4,7.1,6.7,7.2,9.55773,11.45759,"Nixon2",2,"Nixon2",0,0,9,NA,1,NA,31.80723,19.82559,101.4005,5.6,5.5,6,6.4,6.7,7.1,7.3,"Rep",0.0148853336514005,-0.0792792849348118,-0.225757580513364,-0.257145786708769,-0.298996728302641,-0.246683051310301,NA,"Burns"
"24",1974.4,7.94,0.01,9.35,-0.2,11.9,8.4,7.8,7.8,7,6,10.63043,12.04798,"Ford1",1,"Ford1",0,0,8,NA,1,NA,31.72746,20.07342,102.84,6.6,6.5,7.3,7.7,8,8.1,8.2,"Rep",0.119427906491083,-0.209815595418059,-0.266257338602484,-0.266257338602484,-0.341512996181716,-0.435582568155757,NA,"Burns"
"25",1975.1,6.87,-0.16,6.3,-0.92,7.3,6.5,6.5,6.4,5.7,5.4,11.17968,11.13531,"Ford1",1,"Ford1",0,0,7,NA,1,NA,32.47477,20.84873,105.021,8.3,8.5,9.2,9.5,9.3,9.3,9.3,"Rep",-0.347029610865427,-0.418588009674696,-0.418588009674696,-0.427532809525854,-0.490146408483964,-0.516980808037439,NA,"Burns"
"26",1975.2,6.12,-0.3,5.42,-0.73,7,5.8,6,5,4.5,NA,10.32802,9.5394,"Ford1",1,"Ford1",0,0,6,NA,0,NA,33.22044,21.88785,105.0717,8.9,9.2,9.4,9.3,9.1,9.1,NA,"Rep",-0.322232141301043,-0.438420917078007,-0.41905612111518,-0.515880100929317,-0.564292090836385,NA,NA,"Burns"
"27",1975.3,6,-0.15,6.16,-0.02,7.5,8.1,7.8,5.8,5.4,5.6,8.94605,8.67963,"Ford1",1,"Ford1",0,0,5,NA,0,NA,33.30408,21.21631,104.1927,8.5,8.6,8.3,8.1,7.9,7.8,7.6,"Rep",-0.161641171243174,-0.0945724649426283,-0.128106818092901,-0.351669172428055,-0.396381643295085,-0.37402540786157,NA,"Burns"
"28",1975.4,6,-0.02,5.41,0,6.6,5.3,5.2,5.2,5.6,NA,7.66153,7.38337,"Ford1",1,"Ford1",0,0,4,NA,0,NA,33.64543,21.11558,103.6758,8.3,8.3,8.1,8,7.8,7.8,NA,"Rep",-0.138553265470474,-0.30823216772629,-0.321284390976737,-0.321284390976737,-0.269075497974948,NA,NA,"Burns"
"29",1976.1,5.6,-0.07,4.83,-0.28,5,5.6,5.9,6.1,5.5,5.3,6.35293,6.34048,"Ford1",1,"Ford1",0,0,3,NA,0,NA,33.88961,20.70094,102.201,7.7,7.9,7.6,7.4,7.3,7.2,7.1,"Rep",-0.212961578358332,-0.118516967761332,-0.071294662462832,-0.0398131255971654,-0.134257736194166,-0.165739273059832,NA,"Burns"
"30",1976.2,5.5,-0.09,5.2,-0.04,5.3,5.9,5.9,5.2,5.5,NA,5.93116,6.01504,"Ford1",1,"Ford1",0,0,2,NA,0,NA,34.38821,20.47445,102.2115,7.6,7.4,7.2,7.1,6.9,6.8,NA,"Rep",-0.106414259605204,-0.005253609749189,-0.005253609749189,-0.123274367914539,-0.0726940429865322,NA,NA,"Burns"
"31",1976.3,5.5,-0.02,5.28,0.09,5.5,6,5.6,5,5.6,5.9,5.38275,5.58903,"Ford1",1,"Ford1",0,0,1,NA,0,NA,34.53779,20.71611,102.4759,7.7,7.6,7.3,7,6.8,6.6,6.5,"Rep",0.0217825460963263,0.11467186846872,0.0403604105708049,-0.071106776276067,0.0403604105708049,0.096094003994241,NA,"Burns"
"32",1976.4,5.39,-0.02,4.87,-0.07,6.1,6.2,5,6.1,6.3,NA,5.43813,5.18573,"Ford1",1,"Ford1",0,1,0,NA,0,NA,34.67992,20.67923,102.4304,7.8,7.7,7.5,7.4,7.3,7.2,NA,"Rep",0.121709116920706,0.140097790968587,-0.0805662976059786,0.121709116920706,0.158486465016467,NA,NA,"Burns"
"33",1977.1,5.25,-0.05,4.66,-0.13,5.2,5.8,5.5,6.2,5.5,5.4,5.91322,5.9034,"Carter1",1,"Carter1",1,0,15,NA,0,NA,34.5219,20.3611,102.0686,7.5,7.7,7.4,7.2,7.1,6.9,6.7,"Dem",-0.120614487538093,-0.0191469284078725,-0.0698807079729826,0.0484981110122742,-0.0698807079729826,-0.0867919678280192,NA,"Burns"
"34",1977.2,5.25,-0.03,5.16,0.06,6.5,5.9,6.3,6,5.6,NA,6.48448,6.7961,"Carter1",1,"Carter1",1,0,14,NA,0,NA,33.6338,20.08278,101.0722,7.1,6.9,6.8,6.7,6.5,6.4,NA,"Dem",0.00239340702724049,-0.0901352151598893,-0.0284494670351362,-0.0747137781287011,-0.136399526253454,NA,NA,"Burns"
"35",1977.3,5.42,0.03,5.82,0.2,6.4,6.5,6,5.5,6,6.8,6.2882,6.57417,"Carter1",1,"Carter1",1,0,13,NA,0,NA,33.82575,20.09681,100.2759,6.9,6.8,6.7,6.6,6.5,6.4,6.3,"Dem",0.0177793327184251,0.0336821347921504,-0.0458318755764765,-0.125345885945103,-0.0458318755764765,0.0813905410133266,NA,"Burns"
"36",1977.4,5.93,0.11,6.51,0.21,6.8,6.4,6.1,6,6.9,NA,6.68319,6.59522,"Carter1",1,"Carter1",1,0,12,NA,0,NA,34.06021,20.2672,100.6538,6.7,6.9,6.7,6.7,6.6,6.6,NA,"Dem",0.017478180330052,-0.0423734773364216,-0.0872622205862769,-0.102225135002895,0.0324410947466705,NA,NA,"Burns"
"37",1978.1,6.46,0.16,6.76,0.14,7.1,6.1,5.9,6.7,6.5,6.1,6.47389,6.47466,"Carter1",1,"Carter1",1,0,11,NA,0,NA,34.33768,20.37132,101.3587,6.3,6.3,6.2,6.2,6.1,6,5.9,"Dem",0.0967131044858655,-0.0577535299487635,-0.0886468568356891,0.034926450712014,0.00403312382508817,-0.0577535299487635,NA,"Burns"
"38",1978.2,6.78,0.13,7.28,0.11,7.7,6.9,7.2,6.9,6.5,NA,6.89112,7.02937,"Carter1",1,"Carter1",1,0,10,NA,0,NA,32.92847,19.585,98.5009,6,5.9,5.9,5.8,5.7,5.7,NA,"Dem",0.117380048526219,0.00128861491310563,0.0448229025180232,0.00128861491310563,-0.0567571018934513,NA,NA,"Miller"
"39",1978.3,7.5,0.14,8.1,0.17,7.4,7.4,7.6,7,6.9,7.3,7.35368,8.02397,"Carter1",1,"Carter1",1,0,9,NA,0,NA,33.03974,19.57862,98.50976,6,6,5.9,5.8,5.8,5.9,6,"Dem",0.00629888708782549,0.00629888708782549,0.0334961543064153,-0.0480956473493543,-0.0616942809586492,-0.00729974652146952,NA,"Miller"
"40",1978.4,9.09,0.25,9.58,0.24,7.6,7.6,7,6.8,7.4,NA,7.27376,8.92895,"Carter1",1,"Carter1",1,0,8,NA,0,NA,32.66585,19.50331,98.03808,5.9,5.9,5.9,6,6.2,6.4,NA,"Dem",0.0448516310683882,0.0448516310683882,-0.0376366555949056,-0.0651327511493369,0.017355535513957,NA,NA,"Miller"
"41",1979.1,9.5,0.21,10.07,0.2,8.9,7.7,6.8,7.6,7.9,7.5,7.61658,9.78376,"Carter1",1,"Carter1",1,0,7,NA,0,NA,32.34653,19.42516,98.7943,5.9,5.8,6,6.2,6.3,6.5,6.7,"Dem",0.168503449054563,0.0109524222157452,-0.107210847913368,-0.00217683002082303,0.0372109266888814,-0.0153060822573911,NA,"Miller"
"42",1979.2,9.5,0.04,10.18,0.06,9.6,7.6,8.7,8.1,8.1,7.7,8.26527,10.75434,"Carter1",1,"Carter1",1,0,6,NA,0,NA,31.86008,19.38727,99.50522,5.7,5.9,6.1,6.3,6.5,6.7,6.9,"Dem",0.161486557607918,-0.0804898085603979,0.0525971928321761,-0.0199957170183188,-0.0199957170183188,-0.068390990251982,NA,"Miller"
"43",1979.3,10.21,0.07,10.95,0.08,8.9,10.2,9.6,9,8.4,8.8,8.80077,11.72253,"Carter1",1,"Carter1",1,0,5,NA,0,NA,31.79286,19.52918,99.4884,5.9,6.1,6.8,7.3,7.5,7.7,7.9,"Dem",0.01127514978803,0.158989497509877,0.0908136447151783,0.0226377919204797,-0.0455380608742189,-8.74923444197805e-05,NA,"Miller"
"44",1979.4,11.92,0.2,13.58,0.25,9.9,9.8,9.4,8.9,9.2,NA,8.69586,12.64148,"Carter1",1,"Carter1",1,0,4,NA,0,NA,31.77845,19.8353,99.92103,6,6.3,7.1,7.9,8.2,8.4,NA,"Dem",0.138472790500307,0.126973065343738,0.0809741647174633,0.0234755389346195,0.0579747144043257,NA,NA,"Volcker"
"45",1980.1,12.51,0.18,15.05,0.27,8.1,8.9,9.7,10.6,9.4,8.6,8.95681,14.20954,"Carter1",1,"Carter1",1,0,3,NA,1,NA,31.69674,20.25256,100.3377,6.3,6.2,6.5,7.1,7.7,8,8.4,"Dem",-0.0956601736555762,-0.00634265994254656,0.0829748537704828,0.183457056697641,0.0494807861280969,-0.0398367275849327,NA,"Volcker"
"46",1980.2,12.45,0.04,12.69,-0.07,10.9,9.8,10.4,10.1,8.9,8.3,8.79707,14.42577,"Carter1",1,"Carter1",1,0,2,NA,1,NA,32.1706,20.98974,102.9985,7.3,7.3,7.9,8.3,8.7,8.9,9,"Dem",0.23904891060319,0.114007277423051,0.182211804612218,0.148109541017634,0.0117004866393016,-0.0565040405498648,NA,"Volcker"
"47",1980.3,10.35,-0.21,9.84,-0.53,7.5,11,10,8.5,7.9,8.7,8.92442,12.93487,"Carter1",1,"Carter1",1,0,1,NA,0,NA,32.59016,21.76145,103.7197,7.7,8.1,8.5,8.8,8.7,8.6,8.5,"Dem",-0.159609251917772,0.232573097187268,0.120520997442971,-0.0475571521734745,-0.114788412020053,-0.0251467322246152,NA,"Volcker"
"48",1980.4,11.78,-0.06,15.85,0.2,12.4,9.9,8.8,8.6,9.4,NA,9.86829,12.53929,"Carter1",1,"Carter1",1,1,0,NA,0,NA,31.90787,21.51751,102.4011,7.4,7.6,7.9,8.2,8.3,8.4,NA,"Dem",0.256550020317603,0.00321332267292513,-0.108254824290733,-0.128521760102308,-0.0474540168560105,NA,NA,"Volcker"
"49",1981.1,13,0.2,16.57,0.41,11.7,8.7,8.6,9.1,8,7.6,10.33684,11.26112,"Reagan1",1,"Reagan1",0,0,15,NA,0,NA,31.60946,21.29187,100.9373,7.4,7.5,8,8.3,8.5,8.7,8.8,"Rep",0.131873957611804,-0.15835013408353,-0.168024270473375,-0.119653588524153,-0.226069088812442,-0.26476563437182,NA,"Volcker"
"50",1981.2,13.62,0.14,17.78,0.11,8.1,8.2,8.3,7.6,7.3,7.1,9.82675,9.87393,"Reagan1",1,"Reagan1",0,0,14,NA,0,NA,31.48766,21.50893,102.2501,7.4,7.3,7.4,7.5,7.7,7.9,8,"Rep",-0.175719337522579,-0.165543033047549,-0.155366728572519,-0.226600859897728,-0.257129773322818,-0.277482382272878,NA,"Volcker"
"51",1981.3,14,0.07,17.58,0.06,7.2,9.3,6.6,6.8,6.5,7.2,9.37584,10.85387,"Reagan1",1,"Reagan1",0,0,13,NA,1,NA,31.40872,21.62417,101.7218,7.4,7.1,7.5,7.7,7.9,8.1,8.2,"Rep",-0.232068806634926,-0.00808887523677873,-0.296063072748682,-0.274731650710763,-0.306728783767641,-0.232068806634926,NA,"Volcker"
"52",1981.4,13.04,-0.04,13.59,-0.31,9.6,7.1,7.3,6.6,7.3,NA,8.27702,9.58313,"Reagan1",1,"Reagan1",0,0,12,NA,1,NA,32.20111,22.11788,103.6028,8.2,8.3,8.6,8.8,8.8,8.8,NA,"Rep",0.159837719372431,-0.142203353380806,-0.118040067560547,-0.202611567931454,-0.118040067560547,NA,NA,"Volcker"
"53",1982.1,12,-0.17,14.23,-0.24,6.7,6.9,6.1,6.1,5.5,5,6.94976,7.58191,"Reagan1",1,"Reagan1",0,0,11,NA,1,NA,33.32284,22.63807,106.1666,8.8,9.3,9.5,9.4,9.3,9.3,9.3,"Rep",-0.0359379316695829,-0.00715995948061516,-0.122271848236486,-0.122271848236486,-0.208605764803389,-0.280550695275808,NA,"Volcker"
"54",1982.2,12,-0.09,14.51,0.06,6,5.5,5.7,4.7,4.6,3.9,6.37453,6.90677,"Reagan1",1,"Reagan1",0,0,10,NA,1,NA,33.31266,22.611,106.4211,9.4,9.5,9.6,9.5,9.4,9.3,9.1,"Rep",-0.0587541355990167,-0.137191290965765,-0.105816428819066,-0.262690739552563,-0.278378170625913,-0.388190188139361,NA,"Volcker"
"55",1982.3,10.83,-0.11,11.01,-0.29,6.4,5.2,4.9,4.1,3.8,4.2,5.93994,5.81573,"Reagan1",1,"Reagan1",0,0,9,NA,1,NA,34.87769,23.20731,107.6106,9.9,10,9.9,9.8,9.8,9.7,9.5,"Rep",0.0774519607942168,-0.124570281854699,-0.175075842516928,-0.309757337616205,-0.360262898278434,-0.292922150728795,NA,"Volcker"
"56",1982.4,9,-0.33,9.29,-0.56,6,5,4.1,3.4,3.9,NA,5.19546,4.44293,"Reagan1",1,"Reagan1",0,0,8,NA,1,NA,36.13808,24.05434,108.323,10.7,10.6,10.6,10.6,10.5,10.3,NA,"Rep",0.154854430599023,-0.0376213078341475,-0.210849472424001,-0.34558248932722,-0.249344620110635,NA,NA,"Volcker"
"57",1983.1,8.54,-0.27,8.65,-0.27,4.5,3.6,3.8,3.6,3.5,3.5,4.60829,3.59408,"Reagan1",1,"Reagan1",0,0,7,NA,0,NA,36.80843,23.64389,107.8113,10.4,10.9,10.9,10.8,10.6,10.4,10.1,"Rep",-0.0234989551438821,-0.218799164115106,-0.175399117677056,-0.218799164115106,-0.24049918733413,-0.24049918733413,NA,"Volcker"
"58",1983.2,8.79,-0.02,8.8,-0.06,3.2,3.1,3.2,3.1,3.4,3.4,4.12103,3.29905,"Reagan1",1,"Reagan1",0,0,6,NA,0,NA,37.89504,23.58566,106.1857,10.1,10.1,9.8,9.7,9.6,9.4,9.1,"Rep",-0.223495097099512,-0.247760875315152,-0.223495097099512,-0.247760875315152,-0.174963540668231,-0.174963540668231,NA,"Volcker"
"59",1983.3,9.44,0.09,9.46,0.09,3.8,3.6,4.5,4.3,4.5,4.5,3.71794,2.52681,"Reagan1",1,"Reagan1",0,0,5,NA,0,NA,38.39344,23.16356,104.8702,9.4,9.3,9,8.8,8.7,8.5,8.4,"Rep",0.0220713620983662,-0.0317218674857582,0.210347665642802,0.156554436058678,0.210347665642802,0.210347665642802,NA,"Volcker"
"60",1983.4,9.38,0.06,9.43,0.07,4.6,4.7,4.6,4.5,4.6,NA,3.34993,3.23384,"Reagan1",1,"Reagan1",0,0,4,NA,0,NA,38.2501,22.40449,103.4733,8.5,8.7,8.6,8.4,8.2,8,NA,"Rep",0.373163021316863,0.403014391345491,0.373163021316863,0.343311651288236,0.373163021316863,NA,NA,"Volcker"
"61",1984.1,9.75,0.03,9.69,0.02,5.2,4.1,4.3,4.6,5.3,4.9,3.81311,4.62551,"Reagan1",1,"Reagan1",0,0,3,NA,0,NA,38.44463,22.33808,102.2299,7.9,8,7.8,7.6,7.5,7.4,7.3,"Rep",0.363716231632447,0.0752377980178908,0.127688422311447,0.20636435875178,0.389941543779225,0.285040295192114,NA,"Volcker"
"62",1984.2,10.5,0.11,10.56,0.11,4.3,4.6,4.7,5.4,5.2,5.6,3.9435,4.40519,"Reagan1",1,"Reagan1",0,0,2,NA,0,NA,38.72455,22.36131,101.3235,7.4,7.6,7.3,7.2,7.1,7,6.9,"Rep",0.0904019272220109,0.166476480284012,0.191834664638012,0.369341955116014,0.318625586408013,0.420058323824014,NA,"Volcker"
"63",1984.3,11.25,0.13,11.39,0.15,3.3,3.9,4.5,4.2,4.8,5.2,3.71247,4.2957,"Reagan1",1,"Reagan1",0,0,1,NA,0,NA,39.54394,22.33149,101.1595,7.4,7.2,6.9,6.8,6.7,6.6,6.5,"Rep",-0.11110392811255,0.0505135395033495,0.212131007119249,0.131322273311299,0.292939740927199,0.400684719337799,NA,"Volcker"
"64",1984.4,9.04,-0.16,9.27,-0.14,3.8,4.6,3.9,4.1,4.3,NA,3.59662,4.1543,"Reagan1",1,"Reagan1",0,1,0,NA,0,NA,41.22375,22.65493,101.1031,7.3,7.3,7.1,7,6.9,6.8,NA,"Rep",0.0565475362979686,0.278978596571225,0.0843514188321256,0.13995918390044,0.195566948968754,NA,NA,"Volcker"
"65",1985.1,8.38,-0.34,8.48,-0.34,4.2,3.6,3.2,3.2,3.8,3.9,3.44454,3.64175,"Reagan2",2,"Reagan2",0,0,15,NA,0,NA,41.55084,22.6246,101.025,7.2,7.2,6.9,6.8,6.7,6.7,6.7,"Rep",0.219321012384818,0.0451322963298438,-0.0709935143734721,-0.0709935143734721,0.103195201681502,0.132226654357331,NA,"Volcker"
"66",1985.2,7.92,-0.14,7.92,-0.17,2.9,2.7,3.1,3.7,3.5,3.7,3.15851,3.60676,"Reagan2",2,"Reagan2",0,0,14,NA,0,NA,42.49922,22.6453,100.9651,7.3,7.3,7.2,7.1,7,7,7,"Rep",-0.0818455537579429,-0.145166550050498,-0.0185245574653872,0.17143843141228,0.108117435119724,0.17143843141228,NA,"Volcker"
"67",1985.3,7.85,-0.07,7.9,-0.07,2.8,3.1,3.7,3.7,3.8,4.1,2.74754,3.35249,"Reagan2",2,"Reagan2",0,0,13,NA,0,NA,42.81293,22.55125,100.3147,7.2,7.3,7.2,7.1,7.1,7.1,7.1,"Rep",0.0190934435895383,0.128282026831275,0.346659193314747,0.346659193314747,0.383055387728659,0.492243970970395,NA,"Volcker"
"68",1985.4,7.92,0,8.1,0.02,3.3,3.5,3.7,3.7,4,NA,2.78761,3.51377,"Reagan2",2,"Reagan2",0,0,12,NA,0,NA,45.05851,22.56929,100.3496,7,7.1,7.1,7.2,7.2,7.2,NA,"Rep",0.183809786878365,0.255555834567963,0.327301882257561,0.327301882257561,0.434920953791958,NA,NA,"Volcker"
"69",1986.1,7.58,-0.04,7.83,-0.01,4,3.4,3,3.1,3.7,3.6,2.12714,3.10539,"Reagan2",2,"Reagan2",0,0,11,NA,0,NA,45.33625,22.46942,100.2031,7,6.8,6.7,6.7,6.6,6.6,6.5,"Rep",0.880459208138628,0.598390326917833,0.410344406103971,0.457355886307436,0.739424767528231,0.692413287324765,NA,"Volcker"
"70",1986.2,6.81,-0.16,6.92,-0.17,2.1,2.2,2.8,3.3,3.3,3.6,2.11137,1.67859,"Reagan2",2,"Reagan2",0,0,10,NA,0,NA,46.5579,22.82058,100.572,7.2,7.1,6.9,6.7,6.5,6.4,6.3,"Rep",-0.0053851290868014,0.0419774838138271,0.326153161217598,0.562966225720741,0.562966225720741,0.705054064422626,NA,"Volcker"
"71",1986.3,6.05,-0.25,6.21,-0.26,2.5,2,2.6,2.8,2.9,3.2,2.26964,1.66821,"Reagan2",2,"Reagan2",0,0,9,NA,0,NA,47.32046,22.89983,100.4564,7,7,6.9,6.8,6.7,6.7,6.6,"Rep",0.101496272536614,-0.118802981970709,0.145556123438078,0.233675825241007,0.277735676142472,0.409915228846866,NA,"Volcker"
"72",1986.4,5.88,-0.16,6.27,-0.1,0.7,2.9,3,2.6,2.8,NA,2.27584,1.34587,"Reagan2",2,"Reagan2",0,0,8,NA,0,NA,48.74948,22.45064,100.8056,6.8,7,6.9,6.9,6.8,6.7,NA,"Rep",-0.69242125984252,0.274254780652418,0.318194600674916,0.142435320584927,0.230314960629921,NA,NA,"Volcker"
"73",1987.1,6,-0.01,6.22,0,2.6,3,3,3,3.5,3.4,2.71924,2.03802,"Reagan2",2,"Reagan2",0,0,7,NA,0,NA,48.72425,22.27668,100.8783,6.6,6.7,6.7,6.6,6.6,6.6,6.6,"Rep",-0.0438504876362513,0.103249437342787,0.103249437342787,0.103249437342787,0.287124343566585,0.250349362321825,NA,"Volcker"
"74",1987.2,6.67,0.12,6.65,0.06,3.6,3.2,2.6,3.7,3.6,3.7,2.7283,3.6998,"Reagan2",2,"Reagan2",0,0,6,NA,0,NA,49.27339,22.23526,100.5718,6.3,6.4,6.4,6.4,6.3,6.3,6.2,"Rep",0.319502987208152,0.172891544185024,-0.0470256203496682,0.356155847963934,0.319502987208152,0.356155847963934,NA,"Volcker"
"75",1987.3,6.9,0.13,6.84,0.09,3.7,2.9,4,4.1,4.1,4.3,2.88995,4.16317,"Reagan2",2,"Reagan2",0,0,5,NA,0,NA,49.32893,21.92885,100.4659,6,6.1,6.1,6,6,6,6,"Rep",0.280298967110158,0.00347756881606952,0.384106991470441,0.418709666257202,0.418709666257202,0.487915015830724,NA,"Volcker"
"76",1987.4,6.98,0.04,6.92,0.04,2.6,4,3.8,4.1,4.2,NA,2.88335,4.40494,"Reagan2",2,"Reagan2",0,0,4,NA,0,NA,49.79859,21.90002,99.47574,5.8,6.1,6.2,6.3,6.3,6.2,NA,"Rep",-0.0982711082594898,0.387275218062323,0.317911457159207,0.421957098513881,0.45663897896544,NA,NA,"Greenspan"
"77",1988.1,6.63,-0.04,6.66,-0.03,3.4,3.5,3.5,3.8,3.9,3.9,2.97933,3.96512,"Reagan2",2,"Reagan2",0,0,3,6.6,0,NA,50.26777,21.95773,99.69688,5.7,5.9,6,6,6,5.9,5.9,"Rep",0.141196174978938,0.174760768360672,0.174760768360672,0.275454548505872,0.309019141887606,0.309019141887606,NA,"Greenspan"
"78",1988.2,7.15,0.02,7.16,0.03,3.6,4.1,4,4.2,3.9,3.7,3.34971,3.97994,"Reagan2",2,"Reagan2",0,0,2,6,0,NA,50.3559,21.44763,99.19752,5.5,5.5,5.6,5.6,5.7,5.8,5.8,"Rep",0.0747199011257691,0.223986554059904,0.194133223473077,0.253839884646731,0.16427989288625,0.104573231712596,NA,"Greenspan"
"79",1988.3,7.98,0.17,7.98,0.17,4,4.2,4,3.8,3.7,3.6,3.72044,4.14205,"Reagan2",2,"Reagan2",0,0,1,4.8,0,NA,50.59856,21.26468,99.48666,5.5,5.4,5.4,5.4,5.5,5.6,5.7,"Rep",0.075141649912376,0.128898732407995,0.075141649912376,0.0213845674167571,-0.00549397383105219,-0.0323725150788616,NA,"Greenspan"
"80",1988.4,8.4,0.15,8.47,0.15,5,3.9,3.8,3.6,3.5,NA,3.81304,4.30666,"Reagan2",2,"Reagan2",0,1,0,3.4,0,NA,51.12154,21.37498,98.95829,5.3,5.4,5.4,5.5,5.5,5.6,NA,"Rep",0.311289679625705,0.0228059501080503,-0.00341984348446388,-0.055871430669492,-0.0820972242620062,NA,NA,"Greenspan"
"81",1989.1,9.5,0.16,9.44,0.15,3.9,4.4,3.7,4,4.8,4.3,4.02253,4.67509,"GHW Bush1",1,"GHW Bush1",0,0,15,4,0,NA,51.13329,21.33836,98.68664,5.2,5.3,5.3,5.4,5.5,5.7,5.9,"Rep",-0.0304609288184301,0.093838952102284,-0.0801808811867157,-0.00560095263428731,0.193278856838855,0.0689789759181411,NA,"Greenspan"
"82",1989.2,9.69,0.13,9.73,0.13,4.8,4.1,3.9,5.1,4.5,4.5,4.07355,5.15961,"GHW Bush1",1,"GHW Bush1",0,0,14,2.3,0,NA,51.34082,21.3382,98.70361,5.2,5.3,5.3,5.4,5.5,5.7,5.9,"Rep",0.178333394704864,0.00649310797707151,-0.0426041168022978,0.251979231873918,0.10468755753581,0.10468755753581,NA,"Greenspan"
"83",1989.3,9,-0.06,9.08,-0.04,3.4,3.7,4.6,4.2,4.1,3.9,3.59357,4.70588,"GHW Bush1",1,"GHW Bush1",0,0,13,1,0,NA,51.64436,21.37396,98.68785,5.2,5.3,5.3,5.4,5.5,5.6,5.7,"Rep",-0.0538656544884336,0.0296167877625871,0.280064114515649,0.168754191514288,0.140926710763948,0.0852717492632674,NA,"Greenspan"
"84",1989.4,8.5,-0.14,8.61,-0.13,3.2,4.2,4.1,3.9,3.7,4.4,3.39068,4.6276,"GHW Bush1",1,"GHW Bush1",0,0,12,-0.6,0,NA,52.90492,21.45941,99.17767,5.4,5.3,5.4,5.5,5.7,5.9,6,"Rep",-0.0562365071313129,0.238689584390152,0.209196975238005,0.150211756933712,0.0912265386294195,0.297674802694445,NA,"Greenspan"
"85",1990.1,8.25,-0.09,8.25,-0.1,4.6,3.6,4.2,3.8,4.6,4,3.57153,5.23231,"GHW Bush1",1,"GHW Bush1",0,0,11,-1.1,0,NA,53.46714,21.5746,98.8928,5.3,5.5,5.6,5.8,5.9,6,6,"Rep",0.28796342183882,0.00797137361298939,0.175966602548488,0.0639697832581554,0.28796342183882,0.119968192903322,NA,"Greenspan"
"86",1990.2,8.25,-0.03,8.24,-0.04,4.4,3.8,4.1,4.6,4,3.8,3.74261,4.58373,"GHW Bush1",1,"GHW Bush1",0,0,10,-0.2,0,NA,54.22696,21.61314,99.23069,5.3,5.4,5.5,5.6,5.7,5.9,6.1,"Rep",0.175650147891445,0.0153342186335204,0.0954921832624825,0.229088790977419,0.0687728617194952,0.0153342186335204,NA,"Greenspan"
"87",1990.3,8,-0.03,8.16,-0.01,4.6,3.4,4.9,4.6,4,3.8,4.01151,5.56421,"GHW Bush1",1,"GHW Bush1",0,0,9,0.7,1,NA,55.26464,21.60462,99.96923,5.7,5.6,5.9,6,6.1,6.1,6.1,"Rep",0.146700369686228,-0.15243885718844,0.221485176404895,0.146700369686228,-0.00286924375110628,-0.052725781563551,NA,"Greenspan"
"88",1990.4,7.42,-0.11,7.74,-0.06,3.6,5.6,4.6,4.1,3.5,4,4.15991,6.27647,"GHW Bush1",1,"GHW Bush1",0,0,8,-0.7,1,NA,57.55765,22.03729,101.6011,6.1,5.9,6.4,6.7,6.8,6.8,6.8,"Rep",-0.134596661947013,0.346182970304646,0.105793154178816,-0.0144017538840985,-0.158635643559596,-0.0384407354966814,NA,"Greenspan"
"89",1991.1,6.33,-0.26,6.43,-0.27,4.7,3.8,3.7,3.5,3.9,3.4,4.02029,5.25958,"GHW Bush1",1,"GHW Bush1",0,0,7,-3.2,1,NA,58.92978,21.27139,102.8094,6.6,6.4,6.4,6.2,6.1,6.1,6.1,"Rep",0.16906989296792,-0.0547945546216816,-0.0796683821316373,-0.129416037151549,-0.0299207271117258,-0.154289864661505,NA,"Greenspan"
"90",1991.2,5.75,-0.29,5.86,-0.32,3.1,3.3,3.2,3.6,2.9,2.6,3.56175,4.84687,"GHW Bush1",1,"GHW Bush1",0,0,6,-2.9,0,NA,59.3423,22.01778,102.8061,6.8,6.8,6.8,6.6,6.4,6.3,6.3,"Rep",-0.129641327998877,-0.0734891556117078,-0.101565241805292,0.0107391029690461,-0.185793500386046,-0.2700217589668,NA,"Greenspan"
"91",1991.3,5.5,-0.15,5.64,-0.14,2,3.3,3.8,3.4,2.9,2.8,3.40807,3.85227,"GHW Bush1",1,"GHW Bush1",0,0,5,-1.3,0,NA,60.74719,22.29312,103.0413,6.9,6.8,6.8,6.6,6.5,6.5,6.4,"Rep",-0.413157593594028,-0.0317100294301467,0.115000572171346,-0.0023679091098481,-0.149078510711341,-0.17842063103164,NA,"Greenspan"
"92",1991.4,4.58,-0.25,4.82,-0.22,2.2,3.7,2.9,2.7,2.6,3.2,3.12837,2.96486,"GHW Bush1",1,"GHW Bush1",0,0,4,0.6,0,NA,62.39964,22.53262,103.309,7.1,6.9,7,7,6.9,6.7,6.6,"Rep",-0.296758375767572,0.182724549845447,-0.0729996771481634,-0.136930733896566,-0.168896262270767,0.0228969079744405,NA,"Greenspan"
"93",1992.1,4,-0.38,4.02,-0.4,3.8,2.9,2.5,2.3,2.9,2.4,2.60449,2.89388,"GHW Bush1",1,"GHW Bush1",0,0,3,2.6,0,NA,62.69546,22.95379,102.9189,7.4,7.1,7.3,7.3,7.2,7.1,7,"Rep",0.459018848219805,0.113461752588798,-0.0401191788027599,-0.116909644498539,0.113461752588798,-0.0785144116506496,NA,"Greenspan"
"94",1992.2,3.75,-0.22,3.77,-0.28,2.7,2.8,2.7,3,2.5,2.4,2.50647,3.07302,"GHW Bush1",1,"GHW Bush1",0,0,2,3.9,0,NA,63.29673,22.89522,102.4813,7.6,7.2,7.1,7,6.9,6.8,6.7,"Rep",0.0772121748913811,0.11710892210958,0.0772121748913811,0.196902416545979,-0.00258131954501757,-0.0424780667632169,NA,"Greenspan"
"95",1992.3,3.17,-0.26,3.26,-0.23,1.6,2.9,2.9,2.3,2.3,2.1,2.18951,3.07467,"GHW Bush1",1,"GHW Bush1",0,0,1,3,0,NA,63.61208,22.84458,102.0799,7.6,7.6,7.4,7.4,7.3,7.2,7,"Rep",-0.269242889961681,0.324497261944453,0.324497261944453,0.0504633456800837,0.0504633456800837,-0.0408812930747061,NA,"Greenspan"
"96",1992.4,3,-0.25,3.04,-0.24,2.4,2.8,2.2,2,1.7,2,2.1904,3.12198,"GHW Bush1",1,"GHW Bush1",0,1,0,3.7,0,NA,64.32501,22.79167,101.6863,7.4,7.5,7.6,7.6,7.6,7.5,7.3,"Rep",0.0956902848794741,0.278305332359386,0.00438276113951802,-0.0869247626004382,-0.223886048210373,-0.0869247626004382,NA,"Greenspan"
"97",1993.1,3,-0.06,3.04,-0.07,3.4,2.2,2.2,2.1,2.3,2,2.24126,3.17307,"Clinton1",1,"Clinton1",1,0,15,5.1,0,2.67458,64.64329,22.68011,102.2049,7.1,7.2,7.2,7.1,7,6.9,6.8,"Dem",0.517003828203778,-0.0184092876328493,-0.0184092876328493,-0.0630270472859017,0.0262084720202028,-0.107644806938954,NA,"Greenspan"
"98",1993.2,3,0,3,-0.01,2.2,2.2,2.4,2.4,2.4,2.5,2.20222,3.12525,"Clinton1",1,"Clinton1",1,0,14,3.6,0,4.16716,65.71262,22.55878,102.2453,7.1,7,7,7,6.9,6.8,6.7,"Dem",-0.00100807367111364,-0.00100807367111364,0.0898093741769668,0.0898093741769668,0.0898093741769668,0.135218098101007,NA,"Greenspan"
"99",1993.3,3,0,3.06,0.01,2.5,3,2.5,2.6,2.3,2.2,2.21423,2.81747,"Clinton1",1,"Clinton1",1,0,13,3,0,4.68246,65.9583,22.55132,102.4281,6.8,6.9,6.9,6.9,6.8,6.8,6.8,"Dem",0.129060666687742,0.354872800025291,0.129060666687742,0.174223093355252,0.0387358133527229,-0.00642661331478661,NA,"Greenspan"
"100",1993.4,3,0,2.99,0,2.5,2.6,2.5,2.1,2,2.3,2.17966,2.76978,"Clinton1",1,"Clinton1",1,0,12,3.9,0,4.66993,66.56619,22.46324,101.7773,6.6,6.8,6.7,6.7,6.7,6.7,6.7,"Dem",0.146967875723737,0.192846590752686,0.146967875723737,-0.0365469843920612,-0.0824256994210107,0.0552104456658376,NA,"Greenspan"
"101",1994.1,3.25,0.08,3.21,0.05,3,2.3,2.2,2.1,2.6,2.1,2.10358,2.53937,"Clinton1",1,"Clinton1",1,0,11,3.7,0,5.66231,66.16065,21.87586,101.5456,6.6,7,6.9,6.9,6.8,6.8,6.8,"Dem",0.426140199089172,0.0933741526350316,0.0458361459987261,-0.00170186063757971,0.235988172543949,-0.00170186063757971,NA,"Greenspan"
"102",1994.2,4.08,0.27,3.94,0.24,1.9,2.3,2.2,2.5,2,1.9,2.02673,2.38237,"Clinton1",1,"Clinton1",1,0,10,5.6,0,5.47656,65.95122,21.66432,100.9071,6.2,6.5,6.8,6.6,6.6,6.6,6.6,"Dem",-0.0625292959595014,0.134832957522709,0.0854923941521564,0.233514084263814,-0.0131887325889488,-0.0625292959595014,NA,"Greenspan"
"103",1994.3,4.58,0.29,4.49,0.29,1.5,2.5,2.6,2.1,2.1,2,2.16272,2.85493,"Clinton1",1,"Clinton1",1,0,9,6.8,0,5.16651,65.80036,21.7715,100.9647,6,6.2,6.2,6.2,6.2,6.3,6.3,"Dem",-0.306428941333136,0.155951764444773,0.202189835022564,-0.0290005178663905,-0.0290005178663905,-0.0752385884441815,NA,"Greenspan"
"104",1994.4,5.25,0.22,5.17,0.24,2,3.1,2.8,2.6,2.4,2.6,2.14115,2.60333,"Clinton1",1,"Clinton1",1,0,8,7.6,0,5.66079,66.22541,21.77368,100.607,5.6,5.7,5.7,5.8,6,6.1,6.2,"Dem",-0.0659225182728908,0.447820096677019,0.307708474417953,0.214300726245242,0.120892978072531,0.214300726245242,NA,"Greenspan"
"105",1995.1,5.83,0.21,5.81,0.23,3.1,2.4,2.3,2.3,2.6,2.4,2.1775,2.84049,"Clinton1",1,"Clinton1",1,0,7,8.1,0,3.30237,66.56152,21.90019,101.1358,5.5,5.3,5.3,5.4,5.4,5.5,5.5,"Dem",0.423650975889782,0.102181400688863,0.0562571756601606,0.0562571756601606,0.194029850746269,0.102181400688863,NA,"Greenspan"
"106",1995.2,6,0.12,6.02,0.14,2.7,2.6,2.4,2.7,2.4,2.4,2.14333,3.09558,"Clinton1",1,"Clinton1",1,0,6,5.7,0,2.6517,67.31249,21.93371,101.6857,5.7,5.7,5.7,5.8,5.8,5.8,5.8,"Dem",0.259722021340624,0.21306565017986,0.119752907858332,0.259722021340624,0.119752907858332,0.119752907858332,NA,"Greenspan"
"107",1995.3,5.75,-0.01,5.8,0,2.5,2.4,2.4,2,2,2,2.01714,2.6642,"Clinton1",1,"Clinton1",1,0,5,4.6,0,2.59066,66.74248,21.79537,101.5606,5.7,5.8,5.8,5.8,5.9,5.9,5.9,"Dem",0.239378526031907,0.18980338499063,0.18980338499063,-0.00849717917447472,-0.00849717917447472,-0.00849717917447472,NA,"Greenspan"
"108",1995.4,5.67,-0.06,5.72,-0.05,2.1,2.5,2.2,2.1,1.9,2.1,1.99573,2.62608,"Clinton1",1,"Clinton1",1,0,4,2.8,0,1.48069,66.14074,21.45045,101.6427,5.6,5.6,5.6,5.6,5.6,5.6,5.6,"Dem",0.0522465463765139,0.25267445997204,0.102353524775396,0.0522465463765139,-0.0479674104212494,0.0522465463765139,NA,"Greenspan"
"109",1996.1,5.25,-0.1,5.36,-0.08,3,2.4,2.5,2.5,2.8,2.7,2.01387,2.78391,"Clinton1",1,"Clinton1",1,0,3,1.2,0,2.89435,67.00251,21.75905,101.6994,5.5,5.6,5.6,5.6,5.6,5.6,5.6,"Dem",0.48966914448301,0.191735315586408,0.241390953735842,0.241390953735842,0.390357868184143,0.34070223003471,NA,"Greenspan"
"110",1996.2,5.25,-0.08,5.24,-0.09,2.5,3.2,2.9,3.1,2.8,2.9,1.85836,2.82709,"Clinton1",1,"Clinton1",1,0,2,3.2,0,3.24282,66.16764,21.42821,100.7397,5.5,5.5,5.5,5.5,5.5,5.5,5.5,"Dem",0.34527217546654,0.721948384597172,0.560515723541187,0.66813749757851,0.506704836522525,0.560515723541187,NA,"Greenspan"
"111",1996.3,5.25,0,5.31,-0.01,2.3,3,3,2.8,2.8,2.8,1.93249,2.89991,"Clinton1",1,"Clinton1",1,0,1,4.3,0,2.4276,66.19802,21.1854,100.8413,5.3,5.4,5.4,5.4,5.4,5.4,5.4,"Dem",0.190174334666673,0.552401306086965,0.552401306086965,0.448907885681168,0.448907885681168,0.448907885681168,NA,"Greenspan"
"112",1996.4,5.25,0,5.28,0.01,2.5,2.9,2.4,2.4,2.4,2.7,1.87515,3.23162,"Clinton1",1,"Clinton1",1,1,0,4.8,0,2.80118,66.3489,21.10433,100.4537,5.3,5.2,5.2,5.2,5.2,5.2,5.2,"Dem",0.333226675199317,0.546542943231208,0.279897608191345,0.279897608191345,0.279897608191345,0.439884809215263,NA,"Greenspan"
"113",1997.1,5.33,0.02,5.28,-0.01,3.2,2.7,2.2,2.3,2.8,2.7,1.84206,2.94453,"Clinton2",2,"Clinton2",1,0,15,6.9,0,3.27433,66.12867,20.86764,100.3552,5.2,5.2,5.1,5.1,5.1,5.1,5,"Dem",0.737185542273324,0.465750301293118,0.194315060312911,0.248602108508952,0.520037349489159,0.465750301293118,NA,"Greenspan"
"114",1997.2,5.5,0.05,5.52,0.04,2.1,2.3,2.4,2.6,2.7,2.7,1.92092,2.30179,"Clinton2",2,"Clinton2",1,0,14,6.6,0,1.69168,64.95446,20.68674,99.91301,5,5,4.9,4.8,4.8,4.8,4.8,"Dem",0.0932261624638195,0.197342939841326,0.249401328530079,0.353518105907586,0.405576494596339,0.405576494596339,NA,"Greenspan"
"115",1997.3,5.5,0.03,5.53,0.05,1.9,2.1,2.3,2.3,2.3,2.4,1.70146,2.22505,"Clinton2",2,"Clinton2",1,0,13,7.3,0,3.30019,64.36635,20.36885,99.42568,4.9,4.8,4.7,4.7,4.7,4.7,4.7,"Dem",0.116688020876189,0.23423412833684,0.351780235797491,0.351780235797491,0.351780235797491,0.410553289527817,NA,"Greenspan"
"116",1997.4,5.5,0,5.51,0,1.7,2.2,2,2,2,2.3,1.62325,1.89075,"Clinton2",2,"Clinton2",1,0,12,8.5,0,2.31115,64.6906,20.47921,99.50856,4.7,4.8,4.7,4.6,4.6,4.7,4.7,"Dem",0.0472816879716617,0.35530571384568,0.232096103496073,0.232096103496073,0.232096103496073,0.416910519020483,NA,"Greenspan"
"117",1998.1,5.5,0,5.52,0,1.8,1.6,1.6,1.7,1.9,1.6,1.2597,1.48278,"Clinton2",2,"Clinton2",1,0,11,7.6,0,1.76651,64.44232,20.06953,99.4012,4.6,4.6,4.7,4.7,4.8,4.9,5,"Dem",0.428911645629912,0.270143685004366,0.270143685004366,0.349527665317139,0.508295625942685,0.270143685004366,NA,"Greenspan"
"118",1998.2,5.5,0,5.5,0,1.6,1.7,1.7,1.9,1.6,1.6,1.0589,1.58313,"Clinton2",2,"Clinton2",1,0,10,6,0,4.0948,63.77963,19.99747,99.37691,4.4,4.4,4.5,4.5,4.6,4.7,4.7,"Dem",0.511001983190103,0.605439607139484,0.605439607139484,0.794314855038247,0.511001983190103,0.511001983190103,NA,"Greenspan"
"119",1998.3,5.42,-0.02,5.53,0,1.4,1.4,1.7,1.4,1.4,1.4,1.15387,1.59639,"Clinton2",2,"Clinton2",1,0,9,4.2,0,1.81199,62.46262,19.70567,98.9296,4.5,4.5,4.6,4.7,4.9,5,5.1,"Dem",0.213308258295995,0.213308258295995,0.473302885073708,0.213308258295995,0.213308258295995,0.213308258295995,NA,"Greenspan"
"120",1998.4,4.83,-0.14,4.86,-0.13,1.1,1.7,1.3,1.5,1.4,1.9,1.03667,1.52536,"Clinton2",2,"Clinton2",1,0,8,3.6,0,4.36608,62.19016,19.58571,98.06591,4.4,4.6,4.6,4.7,4.8,5,5.1,"Dem",0.061089835724001,0.639866109755274,0.254015260401092,0.446940685078183,0.350477972739637,0.832791534432365,NA,"Greenspan"
"121",1999.1,4.75,-0.14,4.73,-0.17,1.7,1.4,1.5,1.5,2.2,1.8,1.31327,1.68704,"Clinton2",2,"Clinton2",1,0,7,3.5,0,5.41417,61.77574,19.3822,98.03795,4.3,4.3,4.3,4.3,4.3,4.3,4.4,"Dem",0.294478667753014,0.0660412557965993,0.142187059782071,0.142187059782071,0.675207687680371,0.370624471738485,NA,"Greenspan"
"122",1999.2,4.83,0,4.75,-0.02,1.4,1.5,1.5,1.8,1.6,1.6,1.48916,2.1128,"Clinton2",2,"Clinton2",1,0,6,4.3,0,4.877,60.94265,19.19785,98.21239,4.3,4.2,4.1,4,4.1,4.1,4.2,"Dem",-0.059872679900078,0.0072792715356308,0.0072792715356308,0.208735125842757,0.0744312229713396,0.0744312229713396,NA,"Greenspan"
"123",1999.3,5.17,0.08,5.09,0.07,1.4,1.6,2.2,1.8,1.9,1.9,1.46613,2.34625,"Clinton2",2,"Clinton2",1,0,5,4.5,0,6.86011,60.14047,19.13749,97.82777,4.2,4.2,4.2,4.2,4.2,4.3,4.3,"Dem",-0.0451051407446816,0.0913084105775069,0.500549064544072,0.227721961899695,0.295928737560789,0.295928737560789,NA,"Greenspan"
"124",1999.4,5.42,0.11,5.31,0.11,1.7,2.1,1.7,1.7,1.7,2.1,1.61467,2.61983,"Clinton2",2,"Clinton2",1,0,4,4.5,0,5.86926,60.11939,19.10135,97.0201,4.1,4.1,4.1,4,4,4,4.1,"Dem",0.0528467117119906,0.300575349761871,0.0528467117119906,0.0528467117119906,0.0528467117119906,0.300575349761871,NA,"Greenspan"
"125",2000.1,5.75,0.1,5.68,0.1,2.1,1.8,1.9,1.8,2.1,1.7,1.95654,3.258,"Clinton2",2,"Clinton2",1,0,3,4.5,0,5.71689,59.46127,18.82383,97.60029,4,4,4,4,4,4.1,4.1,"Dem",0.073323315649054,-0.0800085865865251,-0.0288979525079988,-0.0800085865865251,0.073323315649054,-0.131119220665052,NA,"Greenspan"
"126",2000.2,6.33,0.14,6.27,0.15,2.7,1.9,1.8,2.1,1.9,2,2.04524,3.29343,"Clinton2",2,"Clinton2",1,0,2,4.3,0,3.59633,57.15027,18.81778,96.6007,3.9,3.9,3.8,3.8,3.9,3.9,3.9,"Dem",0.320138467857073,-0.071013670767245,-0.119907688095285,0.0267743638888345,-0.071013670767245,-0.0221196534392053,NA,"Greenspan"
"127",2000.3,6.5,0.12,6.52,0.13,1.5,1.6,2.2,1.7,1.8,1.8,2.28869,3.4689,"Clinton2",2,"Clinton2",1,0,1,3.2,0,2.08636,56.64267,18.79611,97.3736,4,4,4,4.1,4.1,4.2,4.3,"Dem",-0.34460324465087,-0.300910127627595,-0.0387514254879428,-0.25721701060432,-0.213523893581044,-0.213523893581044,NA,"Greenspan"
"128",2000.4,6.5,0.03,6.47,0.03,2.2,2.4,1.7,1.7,1.8,2.1,2.38695,3.44351,"Clinton2",2,"Clinton2",1,1,0,0.5,0,0.55844,55.89662,18.8059,97.63569,3.9,4,4.1,4.2,4.3,4.4,4.4,"Dem",-0.078321707618509,0.00546722805253557,-0.287794046796121,-0.287794046796121,-0.245899578960598,-0.120216175454031,NA,"Greenspan"
"129",2001.1,5.33,-0.22,5.59,-0.17,3,1.8,1.6,1.6,1.9,1.6,2.31438,3.40976,"GW Bush1",1,"GW Bush1",0,0,15,-2.2,0,-1.13686,56.79964,19.1095,98.80965,4.2,4.4,4.7,5,5.2,5.3,5.4,"Rep",0.296243486376481,-0.222253908174111,-0.30867014059921,-0.30867014059921,-0.179045791961562,-0.30867014059921,NA,"Greenspan"
"130",2001.2,4.08,-0.59,4.33,-0.49,3.1,1.3,1.3,2,1.7,1.8,2.50616,3.32491,"GW Bush1",1,"GW Bush1",0,0,14,-4.5,1,-0.10695,55.59313,19.10438,98.9943,4.4,4.6,4.9,5.1,5.3,5.4,5.4,"Rep",0.23695214990264,-0.48127813068599,-0.48127813068599,-0.201966354901523,-0.321671401666294,-0.28176971941137,NA,"Greenspan"
"131",2001.3,3.42,-0.56,3.5,-0.6,1.5,1.8,2.2,1.7,1.8,1.8,2.23074,2.67803,"GW Bush1",1,"GW Bush1",0,0,13,-5.9,1,-0.90762,56.35469,19.40088,100.0679,4.8,4.7,5.1,5.3,5.5,5.6,5.6,"Rep",-0.327577395841739,-0.193092875010086,-0.0137801805678832,-0.237921048620637,-0.193092875010086,-0.193092875010086,NA,"Greenspan"
"132",2001.4,2.08,-0.96,2.13,-1.03,0.4,2,1.7,1.7,1.6,2,2.00145,1.87508,"GW Bush1",1,"GW Bush1",0,0,12,-6.4,1,2.5878,57.29665,19.37029,100.4627,5.5,5.4,5.9,6,6.1,6.1,6.1,"Rep",-0.80014489495116,-0.00072447475580213,-0.150615803542432,-0.150615803542432,-0.200579579804642,-0.00072447475580213,NA,"Greenspan"
"133",2002.1,1.75,-0.95,1.73,-1.02,1.7,1.6,1.5,1.4,1.7,1.3,1.66904,1.23195,"GW Bush1",1,"GW Bush1",0,0,11,-4.1,0,1.07163,57.20739,19.67291,100.3477,5.7,5.9,6,6,6,5.9,5.9,"Rep",0.018549585390404,-0.0413650961031491,-0.101279777596702,-0.161194459090256,0.018549585390404,-0.221109140583809,NA,"Greenspan"
"134",2002.2,1.75,-0.19,1.75,-0.22,2.1,1.3,1.4,1.8,1.3,1.3,1.41047,1.31765,"GW Bush1",1,"GW Bush1",0,0,10,-1.1,0,0.87038,57.78652,19.88417,100.5084,5.8,5.9,5.9,5.7,5.6,5.5,5.5,"Rep",0.488865413656441,-0.0783214105936318,-0.00742305756237281,0.276170354562664,-0.0783214105936318,-0.0783214105936318,NA,"Greenspan"
"135",2002.3,1.75,0,1.74,0.01,0.8,1.3,1.7,1.4,1.4,1.4,1.53019,1.57628,"GW Bush1",1,"GW Bush1",0,0,9,1.5,0,2.47404,58.19857,19.79872,100.6877,5.7,6,6,6,5.9,5.7,5.7,"Rep",-0.477189107235049,-0.150432299256955,0.11097314712552,-0.0850809376613362,-0.0850809376613362,-0.0850809376613362,NA,"Greenspan"
"136",2002.4,1.42,-0.24,1.44,-0.22,1.8,1.6,1.2,1.3,1.3,1.7,1.82954,2.25352,"GW Bush1",1,"GW Bush1",0,0,8,2.7,0,-1.19559,59.49444,20.02619,101.3226,5.9,5.9,6.2,6.2,6.1,6.1,6,"Rep",-0.0161461350940673,-0.125463231194726,-0.344097423396045,-0.289438875345715,-0.289438875345715,-0.0708046831443969,NA,"Greenspan"
"137",2003.1,1.25,-0.4,1.25,-0.39,1.2,1.2,1.2,1.3,1.6,1.2,2.17683,2.97641,"GW Bush1",1,"GW Bush1",0,0,7,2.6,0,0.43235,59.34177,20.08652,101.5679,5.9,6.2,6.2,6.2,6.1,6,5.8,"Rep",-0.448739681095906,-0.448739681095906,-0.448739681095906,-0.402801321187231,-0.264986241461207,-0.448739681095906,NA,"Greenspan"
"138",2003.2,1.17,-0.21,1.25,-0.15,1,1.1,1.2,1.6,1.2,1.1,2.02375,2.00594,"GW Bush1",1,"GW Bush1",0,0,6,0.5,0,1.51844,60.57359,20.68546,101.3631,6.1,6,6.1,6.1,6.1,6,5.9,"Rep",-0.505867819641754,-0.45645460160593,-0.407041383570105,-0.209388511426807,-0.407041383570105,-0.45645460160593,NA,"Greenspan"
"139",2003.3,1,-0.25,1.02,-0.23,0.9,1,1.3,0.9,0.9,0.9,2.13943,2.21689,"GW Bush1",1,"GW Bush1",0,0,5,0.1,0,2.8482,60.26886,20.24682,100.351,6.1,6.3,6.2,6,5.9,5.8,5.5,"Rep",-0.579327203974891,-0.532585782194323,-0.39236151685262,-0.579327203974891,-0.579327203974891,-0.579327203974891,NA,"Greenspan"
"140",2003.4,1,-0.17,1,-0.25,0.8,1.1,0.9,1,1,1.4,2.08733,2.00165,"GW Bush1",1,"GW Bush1",0,0,4,1,0,3.19473,61.30606,20.17031,100.0876,5.8,6.2,6,5.8,5.7,5.4,5.2,"Rep",-0.616735255086642,-0.473010975744132,-0.568827161972472,-0.520919068858302,-0.520919068858302,-0.329286696401623,NA,"Greenspan"
"141",2004.1,1,0,1,-0.02,1.6,0.6,0.6,0.8,1.3,1,2.23629,1.81767,"GW Bush1",1,"GW Bush1",0,0,3,0.6,0,4.36216,61.5283,20.30734,100.0285,5.7,5.8,5.6,5.4,5.3,5.2,5.1,"Rep",-0.284529287346453,-0.73169848275492,-0.73169848275492,-0.642264643673227,-0.418680045968993,-0.552830804591533,NA,"Greenspan"
"142",2004.2,1.08,0.08,1.01,0.01,1.6,0.6,0.7,1.4,1.2,1.2,2.80967,2.78587,"GW Bush1",1,"GW Bush1",0,0,2,1.6,0,3.45334,61.84134,20.177,99.9949,5.6,5.6,5.5,5.4,5.3,5.3,5.2,"Rep",-0.430538105898557,-0.786451789711959,-0.750860421330619,-0.501720842661238,-0.572903579423918,-0.572903579423918,NA,"Greenspan"
"143",2004.3,1.5,0.33,1.43,0.3,0.9,1.2,1.9,1.6,1.6,1.5,2.99564,2.67523,"GW Bush1",1,"GW Bush1",0,0,1,2,0,2.29923,61.82027,20.15532,99.85423,5.4,5.6,5.5,5.4,5.4,5.4,5.3,"Rep",-0.699563365424417,-0.599417820565889,-0.365744882562658,-0.465890427421185,-0.465890427421185,-0.499272275707361,NA,"Greenspan"
"144",2004.4,2,0.46,1.95,0.48,1.7,1.6,1.3,1.4,1.5,1.8,3.2088,3.38513,"GW Bush1",1,"GW Bush1",0,1,0,2.7,0,3.57197,62.65429,20.13214,99.60904,5.4,5.5,5.5,5.4,5.4,5.4,5.4,"Rep",-0.470206930939915,-0.50137122911992,-0.594864123659935,-0.56369982547993,-0.532535527299925,-0.43904263275991,NA,"Greenspan"
"145",2005.1,2.5,0.4,2.47,0.42,1.3,1.6,1.6,1.5,1.9,1.6,3.28733,3.03535,"GW Bush2",2,"GW Bush2",0,0,15,4.1,0,3.0079,62.91106,20.38214,99.16679,5.3,5.4,5.3,5.3,5.3,5.3,5.2,"Rep",-0.604542288118321,-0.513282816145626,-0.513282816145626,-0.543702640136524,-0.422023344172931,-0.513282816145626,NA,"Greenspan"
"146",2005.2,3,0.33,2.94,0.34,2.6,1.2,1.5,2.1,1.8,1.8,3.09885,2.92294,"GW Bush2",2,"GW Bush2",0,0,14,4.2,0,4.12399,62.69197,20.3632,99.2864,5.1,5.3,5.3,5.3,5.3,5.3,5.3,"Rep",-0.160979072881876,-0.612759572099327,-0.515949465124159,-0.322329251173823,-0.419139358148991,-0.419139358148991,NA,"Greenspan"
"147",2005.3,3.5,0.29,3.46,0.29,1.6,2,2.4,2,2,2,3.40047,3.81957,"GW Bush2",2,"GW Bush2",0,0,13,3.2,0,3.43054,62.32194,20.36988,99.0651,5,5,5,5,5,5,5,"Rep",-0.52947680761777,-0.411846009522213,-0.294215211426656,-0.411846009522213,-0.411846009522213,-0.411846009522213,NA,"Greenspan"
"148",2005.4,4,0.25,3.98,0.26,3,1.8,2.2,2.1,2.1,2.2,3.50341,3.6745,"GW Bush2",2,"GW Bush2",0,0,12,3,0,1.6436,63.32966,20.42104,99.11405,5,5,5,5,5,5,5.1,"Rep",-0.143691432061905,-0.486214859237143,-0.372040383512064,-0.400584002443334,-0.400584002443334,-0.372040383512064,NA,"Greenspan"
"149",2006.1,4.58,0.24,4.46,0.22,2.1,2.5,2.2,2,2.2,1.9,3.31126,3.69086,"GW Bush2",2,"GW Bush2",0,0,11,2.1,0,3.55721,63.60384,20.37093,98.44166,4.7,5,5,5,5,5,5.1,"Rep",-0.365800329783828,-0.245000392599796,-0.33560034548782,-0.396000314079837,-0.33560034548782,-0.426200298375845,NA,"Bernanke"
"150",2006.2,5,0.2,4.91,0.19,3.2,1.9,2.1,2.3,2.4,2.2,3.53063,3.92426,"GW Bush2",2,"GW Bush2",0,0,10,1.6,0,1.51757,63.16421,20.48851,98.6287,4.6,4.7,4.8,4.8,4.9,4.9,4.9,"Rep",-0.0936461764614247,-0.461852417273971,-0.40520530330281,-0.348558189331649,-0.320234632346069,-0.376881746317229,NA,"Bernanke"
"151",2006.3,5.25,0.13,5.25,0.15,3,1.6,2.1,2.6,2.5,2.2,3.24883,3.34028,"GW Bush2",2,"GW Bush2",0,0,9,2,0,1.05204,63.32986,20.56831,99.20046,4.6,4.7,4.8,4.9,5,5.1,5.2,"Rep",-0.0765906495569174,-0.507515013097023,-0.353613454689842,-0.199711896282662,-0.230492207964098,-0.322833143008406,NA,"Bernanke"
"152",2006.4,5.25,0.05,5.25,0.06,1.6,3,2.7,2.6,2.4,2.6,2.86363,1.9654,"GW Bush2",2,"GW Bush2",0,0,8,0.9,0,2.17852,63.89941,20.15651,99.13208,4.4,4.7,4.8,5,5,5.1,5.1,"Rep",-0.441268599644507,0.0476213756665491,-0.0571407619001058,-0.0920614744223241,-0.161902899466761,-0.0920614744223241,NA,"Bernanke"
