"Quarter","ElectionPeriod","president","term","presTerm","pres_party","GB_CPI_QTR0","GB_CPI_QTR1","GB_CPI_QTR2","GB_CPI_QTR3","GB_CPI_QTR4","GB_CPI_QTR5","deflator","cpi_change","pres_election","time_to_election","high_inflation","senate_dems","senate_rep","house_dems","house_rep","senate_dem_rep","house_dem_rep","manufoutput","recession","sales","DebtGDP","ExpenditureGDP","PotentialGDP","FedFunds","FedFunds2qChange"
"1",1965.4,0,"Johnson",2,"Johnson2",1,2.2,NA,NA,NA,NA,NA,1.93702,1.78566,0,12,1,68,32,295,140,2.125,2.107143,NA,0,NA,NA,NA,NA,4.17,0.74
"2",1966.1,0,"Johnson",2,"Johnson2",1,2.2,2.5,NA,NA,NA,NA,2.13078,2.4193,0,11,1,68,32,295,140,2.125,2.107143,NA,0,NA,41.64491,16.55423,94.40841,4.56,0.850000000000001
"3",1966.2,0,"Johnson",2,"Johnson2",1,2.9,NA,NA,NA,NA,NA,2.53636,2.68974,0,10,1,68,32,295,140,2.125,2.107143,NA,0,NA,40.53045,17.16887,95.26862,4.91,0.649999999999999
"4",1966.3,0,"Johnson",2,"Johnson2",1,3.6,3.5,NA,NA,NA,NA,3.214,3.27391,0,9,1,68,32,295,140,2.125,2.107143,NA,0,NA,40.94666,17.42529,95.64998,5.41,-0.59
"5",1966.4,0,"Johnson",2,"Johnson2",1,2.8,NA,NA,NA,NA,NA,3.4174,3.5685,0,8,1,68,32,295,140,2.125,2.107143,NA,0,NA,40.81286,17.74693,95.95985,5.56,-1.57
"6",1967.1,0,"Johnson",2,"Johnson2",1,2.1,2.1,NA,NA,NA,NA,3.30149,2.87078,0,7,1,64,36,248,187,1.777778,1.326203,NA,0,NA,40.46796,18.68427,96.24603,4.82,-0.93
"7",1967.2,0,"Johnson",2,"Johnson2",1,2.7,2.7,NA,NA,NA,NA,2.94838,2.56672,0,6,1,64,36,248,187,1.777778,1.326203,NA,0,NA,39.26706,18.81309,97.4097,3.99,0.18
"8",1967.3,0,"Johnson",2,"Johnson2",1,2.7,3.7,NA,NA,NA,NA,2.9309,2.70718,0,5,1,64,36,248,187,1.777778,1.326203,NA,0,NA,40.13094,18.67384,97.67025,3.89,0.9
"9",1967.4,0,"Johnson",2,"Johnson2",1,3.8,NA,NA,NA,NA,NA,3.15055,2.99243,0,4,1,64,36,248,187,1.777778,1.326203,NA,0,NA,40.42019,18.8812,98.00633,4.17,1.81
"10",1968.1,0,"Johnson",2,"Johnson2",1,3.4,3.3,3,2.6,NA,NA,3.75263,3.7401,0,3,1,64,36,248,187,1.777778,1.326203,NA,0,NA,39.72187,18.98159,97.04478,4.79,1.15
"11",1968.2,0,"Johnson",2,"Johnson2",1,4,NA,NA,NA,NA,NA,4.29913,4.11855,0,2,1,64,36,248,187,1.777778,1.326203,NA,0,NA,38.20031,19.15717,96.51587,5.98,-0.0600000000000005
"12",1968.3,1,"Johnson",2,"Johnson2",1,4.3,3.4,NA,NA,NA,NA,4.32774,4.47761,0,1,1,64,36,248,187,1.777778,1.326203,NA,0,NA,38.58838,19.09061,96.84543,5.94,0.63
"13",1968.4,1,"Johnson",2,"Johnson2",1,3.5,3.3,3,NA,NA,NA,4.6123,4.62397,1,0,1,64,36,248,187,1.777778,1.326203,NA,0,NA,38.24279,19.13053,97.41508,5.92,2.41
"14",1969.1,0,"Nixon",1,"Nixon1",0,3.7,3.4,4.3,2.9,NA,NA,4.55301,4.87427,0,15,1,58,42,243,192,1.380952,1.265625,NA,0,NA,37.41763,18.38901,96.8363,6.57,2.41
"15",1969.2,0,"Nixon",1,"Nixon1",0,4,4.8,3.5,NA,NA,NA,4.78146,5.50198,0,14,1,58,42,243,192,1.380952,1.265625,NA,0,NA,36.15357,18.72759,97.56173,8.33,0.609999999999999
"16",1969.3,0,"Nixon",1,"Nixon1",0,5.1,3.8,3.5,3.2,NA,NA,5.28242,5.52286,0,13,1,58,42,243,192,1.380952,1.265625,NA,0,NA,36.20245,18.71926,97.90224,8.98,-0.41
"17",1969.4,0,"Nixon",1,"Nixon1",0,3.9,3.6,3.3,4.1,2.9,NA,5.14525,5.83355,0,12,1,58,42,243,192,1.380952,1.265625,NA,0,NA,36.65764,18.9547,99.2434,8.94,-1.06
"18",1970.1,0,"Nixon",1,"Nixon1",0,4.2,4,3.7,3.5,NA,NA,5.5428,6.22578,0,11,1,58,42,243,192,1.380952,1.265625,NA,1,NA,36.57526,18.67073,100.2556,8.57,-1.87
"19",1970.2,0,"Nixon",1,"Nixon1",0,4.5,4.2,3.7,NA,NA,NA,5.64664,6.03848,0,10,1,58,42,243,192,1.380952,1.265625,NA,1,NA,35.82364,19.78511,100.968,7.88,-2.31
"20",1970.3,0,"Nixon",1,"Nixon1",0,4,3.5,4.1,3,NA,NA,4.97808,5.68597,0,9,1,58,42,243,192,1.380952,1.265625,NA,1,NA,36.04741,19.47644,100.8948,6.7,-2.84
"21",1970.4,0,"Nixon",1,"Nixon1",0,4,4.7,3.6,3.4,3.2,NA,4.96987,5.6,0,8,1,58,42,243,192,1.380952,1.265625,NA,1,NA,36.96761,19.70172,102.7738,5.57,-1.01
"22",1971.1,0,"Nixon",1,"Nixon1",0,4.5,3.9,3.8,3.6,NA,NA,5.06758,4.81102,0,7,1,54,44,255,180,1.227273,1.416667,NA,0,NA,35.66779,19.35161,100.7832,3.86,1.61
"23",1971.2,0,"Nixon",1,"Nixon1",0,4.7,4.9,3.9,NA,NA,NA,4.99567,4.31496,0,6,1,54,44,255,180,1.227273,1.416667,NA,0,NA,35.51171,19.84269,101.0011,4.56,0.19
"24",1971.3,0,"Nixon",1,"Nixon1",0,4.1,2.2,3.9,1.6,NA,NA,5.21704,4.27075,0,5,1,54,44,255,180,1.227273,1.416667,NA,0,NA,36.19243,19.44518,100.9306,5.47,-1.93
"25",1971.4,0,"Nixon",1,"Nixon1",0,2.4,4,3.1,3.6,2.8,NA,4.71839,3.53535,0,4,1,54,44,255,180,1.227273,1.416667,NA,0,NA,36.83611,19.65433,101.3983,4.75,-0.45
"26",1972.1,0,"Nixon",1,"Nixon1",0,5.2,3.1,2.9,2.8,NA,NA,4.8536,3.50587,0,3,1,54,44,255,180,1.227273,1.416667,NA,0,NA,35.90824,19.9311,100.4537,3.54,1.2
"27",1972.2,1,"Nixon",1,"Nixon1",0,4,3.4,3.4,NA,NA,NA,4.00991,3.22581,0,2,1,54,44,255,180,1.227273,1.416667,NA,0,NA,34.79398,20.06364,98.84954,4.3,0.84
"28",1972.3,1,"Nixon",1,"Nixon1",0,3.3,2.9,3.8,3.2,3.8,4.1,3.98025,3.02948,0,1,1,54,44,255,180,1.227273,1.416667,NA,0,NA,34.73513,19.03466,98.60722,4.74,1.8
"29",1972.4,0,"Nixon",2,"Nixon2",0,3,4.1,3.5,3.8,3.8,NA,4.50579,3.33415,1,0,1,54,44,255,180,1.227273,1.416667,NA,0,NA,34.85722,20.19276,97.62941,5.14,2.68
"30",1973.1,0,"Nixon",2,"Nixon2",0,4.9,4.1,4,4.2,NA,NA,4.13292,4.11294,0,15,1,56,42,242,192,1.333333,1.260417,NA,0,NA,34.34994,19.41428,96.08269,6.54,4.02
"31",1973.2,0,"Nixon",2,"Nixon2",0,5.1,4.4,4.7,NA,NA,NA,5.1253,5.60817,0,14,1,56,42,242,192,1.333333,1.260417,NA,0,NA,33.34429,19.19067,95.9023,7.82,2.18
"32",1973.3,0,"Nixon",2,"Nixon2",0,6,6.6,6.1,5,4.6,4.6,6.14308,6.8371,0,13,1,56,42,242,192,1.333333,1.260417,NA,0,NA,33.12102,18.83224,97.22442,10.56,-1.24
"33",1973.4,0,"Nixon",2,"Nixon2",0,6.1,6,5.3,5,5.5,NA,6.76175,8.41693,0,12,1,56,42,242,192,1.333333,1.260417,NA,0,NA,32.76107,18.59897,96.90599,10,1.25
"34",1974.1,0,"Nixon",2,"Nixon2",0,8.1,7,5.8,6.2,NA,NA,7.56073,9.91565,0,11,1,56,42,242,192,1.333333,1.260417,NA,1,NA,32.74628,19.11511,98.7971,9.32,2.77
"35",1974.2,0,"Nixon",2,"Nixon2",0,9,7,7.3,6,5.2,NA,8.48165,10.54788,0,10,1,56,42,242,192,1.333333,1.260417,NA,1,NA,31.93932,19.49084,99.31977,11.25,-1.9
"36",1974.3,0,"Nixon",2,"Nixon2",0,9.7,8.8,7.4,7.1,6.7,7.2,9.55773,11.45759,0,9,1,56,42,242,192,1.333333,1.260417,NA,1,NA,31.80723,19.82559,101.4005,12.09,-5.79
"37",1974.4,0,"Ford",1,"Ford1",0,12.3,8.7,8,7.3,7.5,NA,10.92268,12.04798,0,8,1,56,42,242,192,1.333333,1.260417,NA,1,NA,31.72746,20.07342,102.84,9.35,-3.93
"38",1975.1,0,"Ford",1,"Ford1",0,7.3,6.5,6.5,6.4,5.7,5.4,11.17968,11.13531,0,7,1,61,37,291,144,1.648649,2.020833,NA,1,NA,32.47477,20.84873,105.021,6.3,-0.14
"39",1975.2,0,"Ford",1,"Ford1",0,7,5.8,6,5,4.5,NA,10.10871,9.5394,0,6,1,61,37,291,144,1.648649,2.020833,NA,0,NA,33.22044,21.88785,105.0717,5.42,-0.00999999999999979
"40",1975.3,0,"Ford",1,"Ford1",0,7.5,8.1,7.8,5.8,5.4,5.6,8.94605,8.67963,0,5,1,61,37,291,144,1.648649,2.020833,NA,0,NA,33.30408,21.21631,104.1927,6.16,-1.33
"41",1975.4,0,"Ford",1,"Ford1",0,6.6,5.3,5.2,5.2,5.6,NA,7.59438,7.38337,0,4,1,61,37,291,144,1.648649,2.020833,NA,0,NA,33.64543,21.11558,103.6758,5.41,-0.21
"42",1976.1,0,"Ford",1,"Ford1",0,5,5.6,5.9,6.1,5.5,5.3,6.36647,6.34048,0,3,1,61,37,291,144,1.648649,2.020833,NA,0,NA,33.88961,20.70094,102.201,4.83,0.45
"43",1976.2,0,"Ford",1,"Ford1",0,5.3,5.9,5.9,5.2,5.5,NA,5.93116,6.01504,0,2,1,61,37,291,144,1.648649,2.020833,NA,0,NA,34.38821,20.47445,102.2115,5.2,-0.33
"44",1976.3,1,"Ford",1,"Ford1",0,5.5,6,5.6,5,5.6,5.9,5.39846,5.58903,0,1,1,61,37,291,144,1.648649,2.020833,NA,0,NA,34.53779,20.71611,102.4759,5.28,-0.62
"45",1976.4,1,"Ford",1,"Ford1",0,6.1,6.2,5,6.1,6.3,NA,5.43813,5.18573,1,0,1,61,37,291,144,1.648649,2.020833,NA,0,NA,34.67992,20.67923,102.4304,4.87,0.29
"46",1977.1,0,"Carter",1,"Carter1",1,5.2,5.8,5.5,6.2,5.5,5.4,5.91322,5.9034,0,15,1,61,38,292,143,1.605263,2.041958,NA,0,NA,34.5219,20.3611,102.0686,4.66,1.16
"47",1977.2,0,"Carter",1,"Carter1",1,6.5,5.9,6.3,6,5.6,NA,6.48448,6.7961,0,14,1,61,38,292,143,1.605263,2.041958,NA,0,NA,33.6338,20.08278,101.0722,5.16,1.35
"48",1977.3,0,"Carter",1,"Carter1",1,6.4,6.5,6,5.5,6,6.8,6.2882,6.57417,0,13,1,61,38,292,143,1.605263,2.041958,NA,0,NA,33.82575,20.09681,100.2759,5.82,0.94
"49",1977.4,0,"Carter",1,"Carter1",1,6.8,6.4,6.1,6,6.9,NA,6.68319,6.59522,0,12,1,61,38,292,143,1.605263,2.041958,NA,0,NA,34.06021,20.2672,100.6538,6.51,0.77
"50",1978.1,0,"Carter",1,"Carter1",1,7.1,6.1,5.9,6.7,6.5,6.1,6.47389,6.47466,0,11,1,61,38,292,143,1.605263,2.041958,NA,0,NA,34.33768,20.37132,101.3587,6.76,1.34
"51",1978.2,0,"Carter",1,"Carter1",1,7.7,6.9,7.2,6.9,6.5,NA,6.89112,7.02937,0,10,1,61,38,292,143,1.605263,2.041958,NA,0,NA,32.92847,19.585,98.5009,7.28,2.3
"52",1978.3,0,"Carter",1,"Carter1",1,7.4,7.4,7.6,7,6.9,7.3,7.35368,8.02397,0,9,1,61,38,292,143,1.605263,2.041958,NA,0,NA,33.03974,19.57862,98.50976,8.1,1.97
"53",1978.4,0,"Carter",1,"Carter1",1,7.6,7.6,7,6.8,7.4,NA,7.55332,8.92895,0,8,1,61,38,292,143,1.605263,2.041958,NA,0,NA,32.66585,19.50331,98.03808,9.58,0.6
"54",1979.1,0,"Carter",1,"Carter1",1,8.9,7.7,6.8,7.6,7.9,7.5,7.74591,9.78376,0,7,1,58,41,277,158,1.414634,1.753165,NA,0,NA,32.34653,19.42516,98.7943,10.07,0.879999999999999
"55",1979.2,0,"Carter",1,"Carter1",1,9.6,7.6,8.7,8.1,8.1,7.7,8.28052,10.75434,0,6,1,58,41,277,158,1.414634,1.753165,NA,0,NA,31.86008,19.38727,99.50522,10.18,3.4
"56",1979.3,0,"Carter",1,"Carter1",1,8.9,10.2,9.6,9,8.4,8.8,8.80077,11.72253,0,5,1,58,41,277,158,1.414634,1.753165,NA,0,NA,31.79286,19.52918,99.4884,10.95,4.1
"57",1979.4,0,"Carter",1,"Carter1",1,9.9,9.8,9.4,8.9,9.2,NA,8.57548,12.64148,0,4,1,58,41,277,158,1.414634,1.753165,NA,0,NA,31.77845,19.8353,99.92103,13.58,-0.890000000000001
"58",1980.1,0,"Carter",1,"Carter1",1,8.1,8.9,9.7,10.6,9.4,8.6,8.95681,14.20954,0,3,1,58,41,277,158,1.414634,1.753165,NA,1,NA,31.69674,20.25256,100.3377,15.05,-5.21
"59",1980.2,0,"Carter",1,"Carter1",1,10.9,9.8,10.4,10.1,8.9,8.3,8.74404,14.42577,0,2,1,58,41,277,158,1.414634,1.753165,NA,1,NA,32.1706,20.98974,102.9985,12.69,3.16
"60",1980.3,1,"Carter",1,"Carter1",1,7.5,11,10,8.5,7.9,8.7,8.97332,12.93487,0,1,1,58,41,277,158,1.414634,1.753165,NA,0,NA,32.59016,21.76145,103.7197,9.84,6.73
"61",1980.4,1,"Carter",1,"Carter1",1,12.4,9.9,8.8,8.6,9.4,NA,9.73348,12.53929,1,0,1,58,41,277,158,1.414634,1.753165,NA,0,NA,31.90787,21.51751,102.4011,15.85,1.93
"62",1981.1,0,"Reagan",1,"Reagan1",0,11.7,8.7,8.6,9.1,8,7.6,10.20271,11.26112,0,15,1,46,53,242,192,0.8679245,1.260417,NA,0,NA,31.60946,21.29187,100.9373,16.57,1.01
"63",1981.2,0,"Reagan",1,"Reagan1",0,8.1,8.2,8.3,7.6,7.3,7.1,9.85465,9.87393,0,14,1,46,53,242,192,0.8679245,1.260417,NA,0,NA,31.48766,21.50893,102.2501,17.78,-4.19
"64",1981.3,0,"Reagan",1,"Reagan1",0,7.2,9.3,6.6,6.8,6.5,7.2,9.27957,10.85387,0,13,1,46,53,242,192,0.8679245,1.260417,NA,1,NA,31.40872,21.62417,101.7218,17.58,-3.35
"65",1981.4,0,"Reagan",1,"Reagan1",0,9.6,7.1,7.3,6.6,7.3,NA,8.23444,9.58313,0,12,1,46,53,242,192,0.8679245,1.260417,NA,1,NA,32.20111,22.11788,103.6028,13.59,0.92
"66",1982.1,0,"Reagan",1,"Reagan1",0,6.7,6.9,6.1,6.1,5.5,5,7.02524,7.58191,0,11,1,46,53,242,192,0.8679245,1.260417,NA,1,NA,33.32284,22.63807,106.1666,14.23,-3.22
"67",1982.2,0,"Reagan",1,"Reagan1",0,6,5.5,5.7,4.7,4.6,3.9,6.37453,6.90677,0,10,1,46,53,242,192,0.8679245,1.260417,NA,1,NA,33.31266,22.611,106.4211,14.51,-5.22
"68",1982.3,0,"Reagan",1,"Reagan1",0,6.4,5.2,4.9,4.1,3.8,4.2,5.93994,5.81573,0,9,1,46,53,242,192,0.8679245,1.260417,NA,1,NA,34.87769,23.20731,107.6106,11.01,-2.36
"69",1982.4,0,"Reagan",1,"Reagan1",0,6,5,4.1,3.4,3.9,NA,5.19546,4.44293,0,8,1,46,53,242,192,0.8679245,1.260417,NA,1,NA,36.13808,24.05434,108.323,9.29,-0.489999999999998
"70",1983.1,0,"Reagan",1,"Reagan1",0,4.5,3.6,3.8,3.6,3.5,3.5,4.60829,3.59408,0,7,1,46,54,269,166,0.8518519,1.620482,NA,0,NA,36.80843,23.64389,107.8113,8.65,0.81
"71",1983.2,0,"Reagan",1,"Reagan1",0,3.2,3.1,3.2,3.1,3.4,3.4,4.12103,3.29905,0,6,1,46,54,269,166,0.8518519,1.620482,NA,0,NA,37.89504,23.58566,106.1857,8.8,0.629999999999999
"72",1983.3,0,"Reagan",1,"Reagan1",0,3.8,3.6,4.5,4.3,4.5,4.5,3.70868,2.52681,0,5,1,46,54,269,166,0.8518519,1.620482,NA,0,NA,38.39344,23.16356,104.8702,9.46,0.229999999999999
"73",1983.4,0,"Reagan",1,"Reagan1",0,4.6,4.7,4.6,4.5,4.6,NA,3.37103,3.23384,0,4,1,46,54,269,166,0.8518519,1.620482,NA,0,NA,38.2501,22.40449,103.4733,9.43,1.13
"74",1984.1,0,"Reagan",1,"Reagan1",0,5.2,4.1,4.3,4.6,5.3,4.9,3.76524,4.62551,0,3,1,46,54,269,166,0.8518519,1.620482,NA,0,NA,38.44463,22.33808,102.2299,9.69,1.7
"75",1984.2,0,"Reagan",1,"Reagan1",0,4.3,4.6,4.7,5.4,5.2,5.6,3.93699,4.40519,0,2,1,46,54,269,166,0.8518519,1.620482,NA,0,NA,38.72455,22.36131,101.3235,10.56,-1.29
"76",1984.3,1,"Reagan",1,"Reagan1",0,3.3,3.9,4.5,4.2,4.8,5.2,3.73468,4.2957,0,1,1,46,54,269,166,0.8518519,1.620482,NA,0,NA,39.54394,22.33149,101.1595,11.39,-2.91
"77",1984.4,1,"Reagan",1,"Reagan1",0,3.8,4.6,3.9,4.1,4.3,NA,3.60987,4.1543,1,0,1,46,54,269,166,0.8518519,1.620482,NA,0,NA,41.22375,22.65493,101.1031,9.27,-1.35
"78",1985.1,0,"Reagan",2,"Reagan2",0,4.2,3.6,3.2,3.2,3.8,3.9,3.49673,3.64175,0,15,0,47,53,253,182,0.8867925,1.39011,NA,0,NA,41.55084,22.6246,101.025,8.48,-0.58
"79",1985.2,0,"Reagan",2,"Reagan2",0,2.9,2.7,3.1,3.7,3.5,3.7,3.15851,3.60676,0,14,0,47,53,253,182,0.8867925,1.39011,NA,0,NA,42.49922,22.6453,100.9651,7.92,0.18
"80",1985.3,0,"Reagan",2,"Reagan2",0,2.8,3.1,3.7,3.7,3.8,4.1,2.74754,3.35249,0,13,0,47,53,253,182,0.8867925,1.39011,NA,0,NA,42.81293,22.55125,100.3147,7.9,-0.0700000000000003
"81",1985.4,0,"Reagan",2,"Reagan2",0,3.3,3.5,3.7,3.7,4,NA,2.77277,3.51377,0,12,0,47,53,253,182,0.8867925,1.39011,NA,0,NA,45.05851,22.56929,100.3496,8.1,-1.18
"82",1986.1,0,"Reagan",2,"Reagan2",0,4,3.4,3,3.1,3.7,3.6,2.12714,3.10539,0,11,0,47,53,253,182,0.8867925,1.39011,NA,0,NA,45.33625,22.46942,100.2031,7.83,-1.62
"83",1986.2,0,"Reagan",2,"Reagan2",0,2.1,2.2,2.8,3.3,3.3,3.6,2.11137,1.67859,0,10,0,47,53,253,182,0.8867925,1.39011,NA,0,NA,46.5579,22.82058,100.572,6.92,-0.65
"84",1986.3,0,"Reagan",2,"Reagan2",0,2.5,2,2.6,2.8,2.9,3.2,2.25988,1.66821,0,9,0,47,53,253,182,0.8867925,1.39011,NA,0,NA,47.32046,22.89983,100.4564,6.21,0.00999999999999979
"85",1986.4,0,"Reagan",2,"Reagan2",0,0.7,2.9,3,2.6,2.8,NA,2.27584,1.34587,0,8,0,47,53,253,182,0.8867925,1.39011,NA,0,NA,48.74948,22.45064,100.8056,6.27,0.380000000000001
"86",1987.1,0,"Reagan",2,"Reagan2",0,2.6,3,3,3,3.5,3.4,2.71924,2.03802,0,7,0,55,45,258,177,1.222222,1.457627,NA,0,NA,48.72425,22.27668,100.8783,6.22,0.62
"87",1987.2,0,"Reagan",2,"Reagan2",0,3.6,3.2,2.6,3.7,3.6,3.7,2.77844,3.6998,0,6,0,55,45,258,177,1.222222,1.457627,NA,0,NA,49.27339,22.23526,100.5718,6.65,0.27
"88",1987.3,0,"Reagan",2,"Reagan2",0,3.7,2.9,4,4.1,4.1,4.3,3.00203,4.16317,0,5,0,55,45,258,177,1.222222,1.457627,NA,0,NA,49.32893,21.92885,100.4659,6.84,-0.18
"89",1987.4,0,"Reagan",2,"Reagan2",0,2.6,4,3.8,4.1,4.2,NA,2.88335,4.40494,0,4,0,55,45,258,177,1.222222,1.457627,NA,0,NA,49.79859,21.90002,99.47574,6.92,0.24
"90",1988.1,0,"Reagan",2,"Reagan2",0,3.4,3.5,3.5,3.8,3.9,3.9,2.90135,3.96512,0,3,0,55,45,258,177,1.222222,1.457627,6.6,0,NA,50.26777,21.95773,99.69688,6.66,1.32
"91",1988.2,0,"Reagan",2,"Reagan2",0,3.6,4.1,4,4.2,3.9,3.7,3.34971,3.97994,0,2,0,55,45,258,177,1.222222,1.457627,6,0,NA,50.3559,21.44763,99.19752,7.16,1.31
"92",1988.3,1,"Reagan",2,"Reagan2",0,4,4.2,4,3.8,3.7,3.6,3.72044,4.14205,0,1,0,55,45,258,177,1.222222,1.457627,4.8,0,NA,50.59856,21.26468,99.48666,7.98,1.46
"93",1988.4,1,"Reagan",2,"Reagan2",0,5,3.9,3.8,3.6,3.5,NA,3.69986,4.30666,1,0,0,55,45,258,177,1.222222,1.457627,3.4,0,NA,51.12154,21.37498,98.95829,8.47,1.26
"94",1989.1,0,"GHW Bush",1,"GHW Bush1",0,3.9,4.4,3.7,4,4.8,4.3,4.02253,4.67509,0,15,0,55,45,260,175,1.222222,1.485714,4,0,NA,51.13329,21.33836,98.68664,9.44,-0.359999999999999
"95",1989.2,0,"GHW Bush",1,"GHW Bush1",0,4.8,4.1,3.9,5.1,4.5,4.5,4.09449,5.15961,0,14,0,55,45,260,175,1.222222,1.485714,2.3,0,NA,51.34082,21.3382,98.70361,9.73,-1.12
"96",1989.3,0,"GHW Bush",1,"GHW Bush1",0,3.4,3.7,4.6,4.2,4.1,3.9,3.57217,4.70588,0,13,0,55,45,260,175,1.222222,1.485714,1,0,NA,51.64436,21.37396,98.68785,9.08,-0.83
"97",1989.4,0,"GHW Bush",1,"GHW Bush1",0,3.2,4.2,4.1,3.9,3.7,4.4,3.39068,4.6276,0,12,0,55,45,260,175,1.222222,1.485714,-0.6,0,NA,52.90492,21.45941,99.17767,8.61,-0.369999999999999
"98",1990.1,0,"GHW Bush",1,"GHW Bush1",0,4.6,3.6,4.2,3.8,4.6,4,3.56519,5.23231,0,11,0,55,45,260,175,1.222222,1.485714,-1.1,0,NA,53.46714,21.5746,98.8928,8.25,-0.0899999999999999
"99",1990.2,0,"GHW Bush",1,"GHW Bush1",0,4.4,3.8,4.1,4.6,4,3.8,3.7346,4.58373,0,10,0,55,45,260,175,1.222222,1.485714,-0.2,0,NA,54.22696,21.61314,99.23069,8.24,-0.5
"100",1990.3,0,"GHW Bush",1,"GHW Bush1",0,4.6,3.4,4.9,4.6,4,3.8,3.99279,5.56421,0,9,0,55,45,260,175,1.222222,1.485714,0.7,1,NA,55.26464,21.60462,99.96923,8.16,-1.73
"101",1990.4,0,"GHW Bush",1,"GHW Bush1",0,3.6,5.6,4.6,4.1,3.5,4,4.15991,6.27647,0,8,0,55,45,260,175,1.222222,1.485714,-0.7,1,NA,57.55765,22.03729,101.6011,7.74,-1.88
"102",1991.1,0,"GHW Bush",1,"GHW Bush1",0,4.7,3.8,3.7,3.5,3.9,3.4,4.02029,5.25958,0,7,0,56,44,267,167,1.272727,1.598802,-3.2,1,NA,58.92978,21.27139,102.8094,6.43,-0.79
"103",1991.2,0,"GHW Bush",1,"GHW Bush1",0,3.1,3.3,3.2,3.6,2.9,2.6,3.56959,4.84687,0,6,0,56,44,267,167,1.272727,1.598802,-2.9,0,NA,59.3423,22.01778,102.8061,5.86,-1.04
"104",1991.3,0,"GHW Bush",1,"GHW Bush1",0,2,3.3,3.8,3.4,2.9,2.8,3.39223,3.85227,0,5,0,56,44,267,167,1.272727,1.598802,-1.3,0,NA,60.74719,22.29312,103.0413,5.64,-1.62
"105",1991.4,0,"GHW Bush",1,"GHW Bush1",0,2.2,3.7,2.9,2.7,2.6,3.2,3.17181,2.96486,0,4,0,56,44,267,167,1.272727,1.598802,0.6,0,NA,62.39964,22.53262,103.309,4.82,-1.05
"106",1992.1,0,"GHW Bush",1,"GHW Bush1",0,3.8,2.9,2.5,2.3,2.9,2.4,2.61313,2.89388,0,3,0,56,44,267,167,1.272727,1.598802,2.6,0,NA,62.69546,22.95379,102.9189,4.02,-0.76
"107",1992.2,0,"GHW Bush",1,"GHW Bush1",0,2.7,2.8,2.7,3,2.5,2.4,2.50647,3.07302,0,2,0,56,44,267,167,1.272727,1.598802,3.9,0,NA,63.29673,22.89522,102.4813,3.77,-0.73
"108",1992.3,1,"GHW Bush",1,"GHW Bush1",0,1.6,2.9,2.9,2.3,2.3,2.1,2.18951,3.07467,0,1,0,56,44,267,167,1.272727,1.598802,3,0,NA,63.61208,22.84458,102.0799,3.26,-0.22
"109",1992.4,1,"GHW Bush",1,"GHW Bush1",0,2.4,2.8,2.2,2,1.7,2,2.1904,3.12198,1,0,0,56,44,267,167,1.272727,1.598802,3.7,0,NA,64.32501,22.79167,101.6863,3.04,-0.04
"110",1993.1,0,"Clinton",1,"Clinton1",1,3.4,2.2,2.2,2.1,2.3,2,2.26848,3.17307,0,15,0,57,43,258,176,1.325581,1.465909,5.1,0,2.67458,64.64329,22.68011,102.2049,3.04,0.02
"111",1993.2,0,"Clinton",1,"Clinton1",1,2.2,2.2,2.4,2.4,2.4,2.5,2.20222,3.12525,0,14,0,57,43,258,176,1.325581,1.465909,3.6,0,4.16716,65.71262,22.55878,102.2453,3,-0.00999999999999979
"112",1993.3,0,"Clinton",1,"Clinton1",1,2.5,3,2.5,2.6,2.3,2.2,2.19855,2.81747,0,13,0,57,43,258,176,1.325581,1.465909,3,0,4.68246,65.9583,22.55132,102.4281,3.06,0.15
"113",1993.4,0,"Clinton",1,"Clinton1",1,2.5,2.6,2.5,2.1,2,2.3,2.16417,2.76978,0,12,0,57,43,258,176,1.325581,1.465909,3.9,0,4.66993,66.56619,22.46324,101.7773,2.99,0.95
"114",1994.1,0,"Clinton",1,"Clinton1",1,3,2.3,2.2,2.1,2.6,2.1,2.10358,2.53937,0,11,0,57,43,258,176,1.325581,1.465909,3.7,0,5.66231,66.16065,21.87586,101.5456,3.21,1.28
"115",1994.2,0,"Clinton",1,"Clinton1",1,1.9,2.3,2.2,2.5,2,1.9,2.02673,2.38237,0,10,0,57,43,258,176,1.325581,1.465909,5.6,0,5.47656,65.95122,21.66432,100.9071,3.94,1.23
"116",1994.3,0,"Clinton",1,"Clinton1",1,1.5,2.5,2.6,2.1,2.1,2,2.13186,2.85493,0,9,0,57,43,258,176,1.325581,1.465909,6.8,0,5.16651,65.80036,21.7715,100.9647,4.49,1.32
"117",1994.4,0,"Clinton",1,"Clinton1",1,2,3.1,2.8,2.6,2.4,2.6,2.12809,2.60333,0,8,0,57,43,258,176,1.325581,1.465909,7.6,0,5.66079,66.22541,21.77368,100.607,5.17,0.85
"118",1995.1,0,"Clinton",1,"Clinton1",1,3.1,2.4,2.3,2.3,2.6,2.4,2.18866,2.84049,0,7,0,48,52,204,230,0.9230769,0.8869565,8.1,0,3.30237,66.56152,21.90019,101.1358,5.81,-0.00999999999999979
"119",1995.2,0,"Clinton",1,"Clinton1",1,2.7,2.6,2.4,2.7,2.4,2.4,2.14333,3.09558,0,6,0,48,52,204,230,0.9230769,0.8869565,5.7,0,2.6517,67.31249,21.93371,101.6857,6.02,-0.3
"120",1995.3,0,"Clinton",1,"Clinton1",1,2.5,2.4,2.4,2,2,2,2.01001,2.6642,0,5,0,48,52,204,230,0.9230769,0.8869565,4.6,0,2.59066,66.74248,21.79537,101.5606,5.8,-0.44
"121",1995.4,0,"Clinton",1,"Clinton1",1,2.1,2.5,2.2,2.1,1.9,2.1,2.00928,2.62608,0,4,0,48,52,204,230,0.9230769,0.8869565,2.8,0,1.48069,66.14074,21.45045,101.6427,5.72,-0.48
"122",1996.1,0,"Clinton",1,"Clinton1",1,3.4,2.4,2.6,2.4,2.7,2.5,2.01387,2.78391,0,3,0,48,52,204,230,0.9230769,0.8869565,1.2,0,2.89435,67.00251,21.75905,101.6994,5.36,-0.0500000000000007
"123",1996.2,0,"Clinton",1,"Clinton1",1,2.5,3.2,2.9,3.1,2.8,2.9,1.85836,2.82709,0,2,0,48,52,204,230,0.9230769,0.8869565,3.2,0,3.24282,66.16764,21.42821,100.7397,5.24,0.04
"124",1996.3,1,"Clinton",1,"Clinton1",1,2.3,3,3,2.8,2.8,2.8,1.93249,2.89991,0,1,0,48,52,204,230,0.9230769,0.8869565,4.3,0,2.4276,66.19802,21.1854,100.8413,5.31,-0.0299999999999994
"125",1996.4,1,"Clinton",1,"Clinton1",1,2.5,2.9,2.4,2.4,2.4,2.7,1.87515,3.23162,1,0,0,48,52,204,230,0.9230769,0.8869565,4.8,0,2.80118,66.3489,21.10433,100.4537,5.28,0.239999999999999
"126",1997.1,0,"Clinton",2,"Clinton2",1,3.2,2.7,2.2,2.3,2.8,2.7,1.84206,2.94453,0,15,0,45,55,207,226,0.8181818,0.9159292,6.9,0,3.27433,66.12867,20.86764,100.3552,5.28,0.25
"127",1997.2,0,"Clinton",2,"Clinton2",1,2.1,2.3,2.4,2.6,2.7,2.7,1.92092,2.30179,0,14,0,45,55,207,226,0.8181818,0.9159292,6.6,0,1.69168,64.95446,20.68674,99.91301,5.52,-0.00999999999999979
"128",1997.3,0,"Clinton",2,"Clinton2",1,1.9,2.1,2.3,2.3,2.3,2.4,1.70146,2.22505,0,13,0,45,55,207,226,0.8181818,0.9159292,7.3,0,3.30019,64.36635,20.36885,99.42568,5.53,-0.0100000000000007
"129",1997.4,0,"Clinton",2,"Clinton2",1,1.7,2.2,2,2,2,2.3,1.62325,1.89075,0,12,0,45,55,207,226,0.8181818,0.9159292,8.5,0,2.31115,64.6906,20.47921,99.50856,5.51,-0.00999999999999979
"130",1998.1,0,"Clinton",2,"Clinton2",1,1.8,1.6,1.6,1.7,1.9,1.6,1.2597,1.48278,0,11,0,45,55,207,226,0.8181818,0.9159292,7.6,0,1.76651,64.44232,20.06953,99.4012,5.52,0.0100000000000007
"131",1998.2,0,"Clinton",2,"Clinton2",1,1.6,1.7,1.7,1.9,1.6,1.6,1.0589,1.58313,0,10,0,45,55,207,226,0.8181818,0.9159292,6,0,4.0948,63.77963,19.99747,99.37691,5.5,-0.64
"132",1998.3,0,"Clinton",2,"Clinton2",1,1.4,1.4,1.7,1.4,1.4,1.4,1.15387,1.59639,0,9,0,45,55,207,226,0.8181818,0.9159292,4.2,0,1.81199,62.46262,19.70567,98.9296,5.53,-0.8
"133",1998.4,0,"Clinton",2,"Clinton2",1,1.1,1.7,1.3,1.5,1.4,1.9,1.03667,1.52536,0,8,0,45,55,207,226,0.8181818,0.9159292,3.6,0,4.36608,62.19016,19.58571,98.06591,4.86,-0.11
"134",1999.1,0,"Clinton",2,"Clinton2",1,1.7,1.4,1.5,1.5,2.2,1.8,1.31327,1.68704,0,7,0,45,55,211,223,0.8181818,0.9461883,3.5,0,5.41417,61.77574,19.3822,98.03795,4.73,0.359999999999999
"135",1999.2,0,"Clinton",2,"Clinton2",1,1.4,1.5,1.5,1.8,1.6,1.6,1.48916,2.1128,0,6,0,45,55,211,223,0.8181818,0.9461883,4.3,0,4.877,60.94265,19.19785,98.21239,4.75,0.56
"136",1999.3,0,"Clinton",2,"Clinton2",1,1.4,1.6,2.2,1.8,1.9,1.9,1.46613,2.34625,0,5,0,45,55,211,223,0.8181818,0.9461883,4.5,0,6.86011,60.14047,19.13749,97.82777,5.09,0.59
"137",1999.4,0,"Clinton",2,"Clinton2",1,1.7,2.1,1.7,1.7,1.7,2.1,1.61467,2.61983,0,4,0,45,55,211,223,0.8181818,0.9461883,4.5,0,5.86926,60.11939,19.10135,97.0201,5.31,0.96
"138",2000.1,0,"Clinton",2,"Clinton2",1,2.1,1.8,1.9,1.8,2.1,1.7,1.95654,3.258,0,3,0,45,55,211,223,0.8181818,0.9461883,4.5,0,5.71689,59.46127,18.82383,97.60029,5.68,0.84
"139",2000.2,0,"Clinton",2,"Clinton2",1,2.7,1.9,1.8,2.1,1.9,2,2.04524,3.29343,0,2,0,45,55,211,223,0.8181818,0.9461883,4.3,0,3.59633,57.15027,18.81778,96.6007,6.27,0.2
"140",2000.3,1,"Clinton",2,"Clinton2",1,1.5,1.6,2.2,1.7,1.8,1.8,2.28869,3.4689,0,1,0,45,55,211,223,0.8181818,0.9461883,3.2,0,2.08636,56.64267,18.79611,97.3736,6.52,-0.93
"141",2000.4,1,"Clinton",2,"Clinton2",1,2.2,2.4,1.7,1.7,1.8,2.1,2.38695,3.44351,1,0,0,45,55,211,223,0.8181818,0.9461883,0.5,0,0.55844,55.89662,18.8059,97.63569,6.47,-2.14
"142",2001.1,0,"GW Bush",1,"GW Bush1",0,3,1.8,1.6,1.6,1.9,1.6,2.31438,3.40976,0,15,0,50,50,212,221,1,0.959276,-2.2,0,-1.13686,56.79964,19.1095,98.80965,5.59,-2.09
"143",2001.2,0,"GW Bush",1,"GW Bush1",0,3.1,1.3,1.3,2,1.7,1.8,2.50616,3.32491,0,14,0,50,50,212,221,1,0.959276,-4.5,1,-0.10695,55.59313,19.10438,98.9943,4.33,-2.2
"144",2001.3,0,"GW Bush",1,"GW Bush1",0,1.5,1.8,2.2,1.7,1.8,1.8,2.23074,2.67803,0,13,0,50,50,212,221,1,0.959276,-5.9,1,-0.90762,56.35469,19.40088,100.0679,3.5,-1.77
"145",2001.4,0,"GW Bush",1,"GW Bush1",0,0.4,2,1.7,1.7,1.6,2,2.00145,1.87508,0,12,0,50,50,212,221,1,0.959276,-6.4,1,2.5878,57.29665,19.37029,100.4627,2.13,-0.38
"146",2002.1,0,"GW Bush",1,"GW Bush1",0,1.7,1.6,1.5,1.4,1.7,1.3,1.66904,1.23195,0,11,0,50,50,212,221,1,0.959276,-4.1,0,1.07163,57.20739,19.67291,100.3477,1.73,0.01
"147",2002.2,0,"GW Bush",1,"GW Bush1",0,2.1,1.3,1.4,1.8,1.3,1.3,1.41047,1.31765,0,10,0,50,50,212,221,1,0.959276,-1.1,0,0.87038,57.78652,19.88417,100.5084,1.75,-0.31
"148",2002.3,0,"GW Bush",1,"GW Bush1",0,0.8,1.3,1.7,1.4,1.4,1.4,1.53019,1.57628,0,9,0,50,50,212,221,1,0.959276,1.5,0,2.47404,58.19857,19.79872,100.6877,1.74,-0.49
"149",2002.4,0,"GW Bush",1,"GW Bush1",0,1.8,1.6,1.2,1.3,1.3,1.7,1.82954,2.25352,0,8,0,50,50,212,221,1,0.959276,2.7,0,-1.19559,59.49444,20.02619,101.3226,1.44,-0.19
"150",2003.1,0,"GW Bush",1,"GW Bush1",0,1.2,1.2,1.2,1.3,1.6,1.2,2.17683,2.97641,0,7,0,48,51,205,229,0.9411765,0.8951965,2.6,0,0.43235,59.34177,20.08652,101.5679,1.25,-0.23
"151",2003.2,0,"GW Bush",1,"GW Bush1",0,1,1.1,1.2,1.6,1.2,1.1,2.02375,2.00594,0,6,0,48,51,205,229,0.9411765,0.8951965,0.5,0,1.51844,60.57359,20.68546,101.3631,1.25,-0.25
"152",2003.3,0,"GW Bush",1,"GW Bush1",0,0.9,1,1.3,0.9,0.9,0.9,2.13943,2.21689,0,5,0,48,51,205,229,0.9411765,0.8951965,0.1,0,2.8482,60.26886,20.24682,100.351,1.02,-0.02
"153",2003.4,0,"GW Bush",1,"GW Bush1",0,1.1,1.2,0.9,0.9,1,1.4,2.08733,2.00165,0,4,0,48,51,205,229,0.9411765,0.8951965,1,0,3.19473,61.30606,20.17031,100.0876,1,0.01
"154",2004.1,0,"GW Bush",1,"GW Bush1",0,1.6,0.6,0.6,0.8,1.3,1,2.23629,1.81767,0,3,0,48,51,205,229,0.9411765,0.8951965,0.6,0,4.36216,61.5283,20.30734,100.0285,1,0.43
"155",2004.2,0,"GW Bush",1,"GW Bush1",0,1.6,0.6,0.7,1.4,1.2,1.2,2.80967,2.78587,0,2,0,48,51,205,229,0.9411765,0.8951965,1.6,0,3.45334,61.84134,20.177,99.9949,1.01,0.94
"156",2004.3,1,"GW Bush",1,"GW Bush1",0,0.9,1.2,1.9,1.6,1.6,1.5,2.99564,2.67523,0,1,0,48,51,205,229,0.9411765,0.8951965,2,0,2.29923,61.82027,20.15532,99.85423,1.43,1.04
"157",2004.4,1,"GW Bush",1,"GW Bush1",0,1.7,1.6,1.3,1.4,1.5,1.8,3.2088,3.38513,1,0,0,48,51,205,229,0.9411765,0.8951965,2.7,0,3.57197,62.65429,20.13214,99.60904,1.95,0.99
"158",2005.1,0,"GW Bush",2,"GW Bush2",0,1.3,1.6,1.6,1.5,1.9,1.6,3.28733,3.03535,0,15,0,44,55,202,231,0.8,0.8744588,4.1,0,3.0079,62.91106,20.38214,99.16679,2.47,0.99
"159",2005.2,0,"GW Bush",2,"GW Bush2",0,2.6,1.2,1.5,2.1,1.8,1.8,3.09885,2.92294,0,14,0,44,55,202,231,0.8,0.8744588,4.2,0,4.12399,62.69197,20.3632,99.2864,2.94,1.04
"160",2005.3,0,"GW Bush",2,"GW Bush2",0,1.6,2,2.4,2,2,2,3.40047,3.81957,0,13,0,44,55,202,231,0.8,0.8744588,3.2,0,3.43054,62.32194,20.36988,99.0651,3.46,1
"161",2005.4,0,"GW Bush",2,"GW Bush2",0,3,1.8,2.2,2.1,2.1,2.2,3.50341,3.6745,0,12,0,44,55,202,231,0.8,0.8744588,3,0,1.6436,63.32966,20.42104,99.11405,3.98,0.93
